Make,Model Name,Body Style,Vehicle Type
Acura,Integra,5-Door Hatchback,Passanger Car
Acura,Integra Type-s,5-Door Hatchback,Passanger Car
Acura,Mdx,Suv,Mpv
Acura,Rdx,Suv,Mpv
Acura,Tlx,4-Door Sedan,Passanger Car
Alfa,Giulia,4-Door Sedan,Passanger Car
Alfa,Giulia Quadrifoglio,4-Door Sedan,Passanger Car
Alfa,Stelvio,Suv,Mpv
Alfa,Stelvio Quadrifoglio,Suv,Mpv
Alfa,Tonale Eawd,Suv,Mpv
Audi,A3,4-Door Sedan,Passanger Car
Audi,A4,4-Door Sedan,Passanger Car
Audi,A4 Allroad,Station Wagon,Mpv
Audi,A5 Cabriolet,Coupe,Passanger Car
Audi,A5 Coupe,2-Door Sedan,Passanger Car
Audi,A5 Sportback,4-Door Sedan,Passanger Car
Audi,A6 Allroad,Station Wagon,Passanger Car
Audi,A6 Sedan,4-Door Sedan,Passanger Car
Audi,A7,4-Door Sedan,Passanger Car
Audi,A8 Lwb,4-Door Sedan,Passanger Car
Audi,E-tron Gt,4-Door Sedan,Passanger Car
Audi,Q3,Suv,Mpv
Audi,Q4 E-tron,Suv,Mpv
Audi,Q4 Sportback E-tron,Suv,Mpv
Audi,Q5,Suv,Mpv
Audi,Q5 Phev,Suv,Mpv
Audi,Q5 Sportback,Suv,Mpv
Audi,Q7,Suv,Mpv
Audi,Q8,Suv,Mpv
Audi,Q8 E-tron,Suv,Mpv
Audi,Q8 Sportback E-tron,Suv,Mpv
Audi,Rs 3,4-Door Sedan,Passanger Car
Audi,Rs 5 Coupe,2-Door Sedan,Passanger Car
Audi,Rs 5 Sportback,4-Door Sedan,Passanger Car
Audi,Rs 6 Avant,Station Wagon,Passanger Car
Audi,Rs 7,4-Door Sedan,Passanger Car
Audi,Rs E-tron Gt,4-Door Sedan,Passanger Car
Audi,Rs Q8,Suv,Mpv
Audi,S3,4-Door Sedan,Passanger Car
Audi,S4,4-Door Sedan,Passanger Car
Audi,S5 Cabriolet,Coupe,Passanger Car
Audi,S5 Coupe,2-Door Sedan,Passanger Car
Audi,S5 Sportback,4-Door Sedan,Passanger Car
Audi,S6 Sedan,4-Door Sedan,Passanger Car
Audi,S7,4-Door Sedan,Passanger Car
Audi,S8 Lwb,4-Door Sedan,Passanger Car
Audi,Sq5,Suv,Mpv
Audi,Sq5 Sportback,Suv,Mpv
Audi,Sq7,Suv,Mpv
Audi,Sq8,Suv,Mpv
Audi,Sq8 E-tron,Suv,Mpv
Audi,Sq8 Sportback E-tron,Suv,Mpv
Bentley,Bentayga Hybrid,Suv,Mpv
Bentley,Bentayga V8,Suv,Mpv
Bentley,Bentayga V8 Ewb,Suv,Mpv
Bentley,Continental Gt,2-Door Sedan,Passanger Car
Bentley,Continental Gt Convertible,Coupe,Passanger Car
Bentley,Continental Gt Speed,2-Door Sedan,Passanger Car
Bentley,Continental Gt Speed Convertible,Coupe,Passanger Car
Bentley,Continental Gt V8,2-Door Sedan,Passanger Car
Bentley,Continental Gt V8 Convertible,Coupe,Passanger Car
Bentley,Flying Spur,4-Door Sedan,Passanger Car
Bentley,Flying Spur Hybrid,4-Door Sedan,Passanger Car
Bentley,Flying Spur V8,4-Door Sedan,Passanger Car
Bmw,2 Series Coupe,2-Door Sedan,Passanger Car
Bmw,2 Series Gran Coupe,4-Door Sedan,Passanger Car
Bmw,3 Series Hybrid Sedan,4-Door Sedan,Passanger Car
Bmw,3 Series Sedan,4-Door Sedan,Passanger Car
Bmw,4 Series Convertible,Coupe,Passanger Car
Bmw,4 Series Coupe,2-Door Sedan,Passanger Car
Bmw,4 Series Gran Coupe,4-Door Sedan,Passanger Car
Bmw,7 Series Sedan,4-Door Sedan,Passanger Car
Bmw,8 Series Convertible,Coupe,Passanger Car
Bmw,8 Series Coupe,2-Door Sedan,Passanger Car
Bmw,8 Series Gran Coupe,4-Door Sedan,Passanger Car
Bmw,Alpina Xb7,Suv,Mpv
Bmw,I4 Gran Coupe,4-Door Sedan,Passanger Car
Bmw,I7 Sedan,4-Door Sedan,Passanger Car
Bmw,Ix,Suv,Mpv
Bmw,M2 Coupe,2-Door Sedan,Passanger Car
Bmw,M3 Sedan,4-Door Sedan,Passanger Car
Bmw,M4 Convertible,Coupe,Passanger Car
Bmw,M4 Coupe,2-Door Sedan,Passanger Car
Bmw,M8 Convertible,Coupe,Passanger Car
Bmw,M8 Coupe,2-Door Sedan,Passanger Car
Bmw,M8 Gran Coupe,4-Door Sedan,Passanger Car
Bmw,X1,Suv,Mpv
Bmw,X3,Suv,Mpv
Bmw,X3 M,Suv,Mpv
Bmw,X4,Suv,Mpv
Bmw,X4 M,Suv,Mpv
Bmw,X5,Suv,Mpv
Bmw,X5 Hybrid,Suv,Mpv
Bmw,X5 M,Suv,Mpv
Bmw,X6,Suv,Mpv
Bmw,X6 M,Suv,Mpv
Bmw,X7,Suv,Mpv
Bmw,Xm,Suv,Mpv
Bmw,Z4,Coupe,Passanger Car
Brightdrop,Zevo 400,Convertible,Truck
Brightdrop,Zevo 600,Convertible,Truck
Buick,Enclave,Suv,Mpv
Buick,Encore Gx,Suv,Mpv
Buick,Envision,Suv,Mpv
Buick,Envista,Suv,Mpv
Cadillac,Celestiq,4-Door Sedan,Passanger Car
Cadillac,Ct4,4-Door Sedan,Passanger Car
Cadillac,Ct4-v,4-Door Sedan,Passanger Car
Cadillac,Ct4-v Blackwing,4-Door Sedan,Passanger Car
Cadillac,Ct5,4-Door Sedan,Passanger Car
Cadillac,Ct5 With V6,4-Door Sedan,Passanger Car
Cadillac,Ct5-v,4-Door Sedan,Passanger Car
Cadillac,Ct5-v Blackwing,4-Door Sedan,Passanger Car
Cadillac,Escalade,Suv,Mpv
Cadillac,Escalade Esv,Suv,Mpv
Cadillac,Lyriq,Suv,Mpv
Cadillac,Xt4,Suv,Mpv
Cadillac,Xt5,Suv,Mpv
Cadillac,Xt6,Suv,Mpv
Chevrolet,Blazer,Suv,Mpv
Chevrolet,Blazer Ev,Suv,Mpv
Chevrolet,Camaro Lt1 With Recaro,2-Door Sedan,Passanger Car
Chevrolet,Camaro Lt1 With Recaro,Coupe,Passanger Car
Chevrolet,Camaro Lt1 Without Recaro,2-Door Sedan,Passanger Car
Chevrolet,Camaro Lt1 Without Recaro,Coupe,Passanger Car
Chevrolet,Camaro Ss With Recaro,2-Door Sedan,Passanger Car
Chevrolet,Camaro Ss With Recaro,Coupe,Passanger Car
Chevrolet,Camaro Ss Without Recaro,Coupe,Passanger Car
Chevrolet,Camaro Ss Without Recaro,2-Door Sedan,Passanger Car
Chevrolet,Camaro With Recaro,Coupe,Passanger Car
Chevrolet,Camaro With Recaro,2-Door Sedan,Passanger Car
Chevrolet,Camaro Without Recaro,Coupe,Passanger Car
Chevrolet,Camaro Without Recaro,2-Door Sedan,Passanger Car
Chevrolet,Camaro Zl1 With Recaro,Coupe,Passanger Car
Chevrolet,Camaro Zl1 With Recaro,2-Door Sedan,Passanger Car
Chevrolet,Colorado,Crew Cab Pickup,Truck
Chevrolet,Corvette,Coupe,Passanger Car
Chevrolet,Corvette,2-Door Sedan,Passanger Car
Chevrolet,Corvette E-ray,2-Door Sedan,Passanger Car
Chevrolet,Corvette E-ray,Coupe,Passanger Car
Chevrolet,Equinox,Suv,Mpv
Chevrolet,Equinox Ev,Suv,Mpv
Chevrolet,Express Cargo 2500,Convertible,Truck
Chevrolet,Express Cargo 3500,Convertible,Truck
Chevrolet,Express Passenger 2500,Passenger Van,Bus
Chevrolet,Express Passenger 3500- 12 Passenger,Passenger Van,Bus
Chevrolet,Express Passenger 3500- 15 Passenger,Passenger Van,Bus
Chevrolet,Malibu,4-Door Sedan,Passanger Car
Chevrolet,Silverado 1500,Extended Cab Pickup,Truck
Chevrolet,Silverado 1500,Crew Cab Pickup,Truck
Chevrolet,Silverado 1500,Regular Cab Pickup,Truck
Chevrolet,Silverado 2500,Regular Cab Pickup,Truck
Chevrolet,Silverado 2500,Crew Cab Pickup,Truck
Chevrolet,Silverado 2500,Extended Cab Pickup,Truck
Chevrolet,Silverado Ev,Crew Cab Pickup,Truck
Chevrolet,Suburban,Suv,Mpv
Chevrolet,Tahoe,Suv,Mpv
Chevrolet,Trailblazer,Suv,Mpv
Chevrolet,Traverse,Suv,Mpv
Chevrolet,Trax,Suv,Mpv
Chrysler,Pacifica,Passenger Van,Mpv
Chrysler,Pacifica Awd,Passenger Van,Mpv
Chrysler,Pacifica Hybrid,Passenger Van,Mpv
Chrysler,Voyager,Passenger Van,Mpv
Dodge,Durango,Suv,Mpv
Dodge,Durango Pursuit,Suv,Mpv
Dodge,Durango Srt,Suv,Mpv
Dodge,Hornet,Suv,Mpv
Dodge,Hornet R/t Eawd,Suv,Mpv
Fiat,500x,Suv,Mpv
Ford,Bronco,2-Door Sedan,Mpv
Ford,Bronco,Suv,Mpv
Ford,Bronco Sport,Suv,Mpv
Ford,Edge,Suv,Mpv
Ford,Escape Gas,Suv,Mpv
Ford,Escape Hev,Suv,Mpv
Ford,Escape Phev,Suv,Mpv
Ford,Expedition,Suv,Mpv
Ford,Expedition El,Suv,Mpv
Ford,Explorer Gas,Suv,Mpv
Ford,Explorer Hev,Suv,Mpv
Ford,F-150 (regular Cab) Gas,Regular Cab Pickup,Truck
Ford,F-150 (super Cab) Gas,Extended Cab Pickup,Truck
Ford,F-150 (super Crew) Gas,Crew Cab Pickup,Truck
Ford,F-150 (super Crew) Hev,Crew Cab Pickup,Truck
Ford,F-150 (super Crew) Lightning Bev,Crew Cab Pickup,Truck
Ford,F-250 (crew Cab),Crew Cab Pickup,Truck
Ford,F-250 (regular Cab),Regular Cab Pickup,Truck
Ford,F-250 (super Cab),Extended Cab Pickup,Truck
Ford,F-250 Tremor (crew Cab),Crew Cab Pickup,Truck
Ford,F-350 (crew Cab),Crew Cab Pickup,Truck
Ford,F-350 (regular Cab),Regular Cab Pickup,Truck
Ford,F-350 (super Cab),Extended Cab Pickup,Truck
Ford,Maverick,Crew Cab Pickup,Passanger Car
Ford,Maverick Hev,Crew Cab Pickup,Passanger Car
Ford,Mustang,2-Door Sedan,Passanger Car
Ford,Mustang,Coupe,Passanger Car
Ford,Mustang Mach-e Bev,Suv,Mpv
Ford,Ranger (super Crew),Crew Cab Pickup,Truck
Ford,"Transit High Roof (8,10,12) Pass",Passenger Van,Truck
Ford,Transit High Roof 15 Pass,Passenger Van,Truck
Ford,"Transit Low Roof (8,10,12) Pass",Passenger Van,Truck
Ford,Transit Low Roof 15 Pass,Passenger Van,Truck
Ford,"Transit Medium Roof (8,10,12) Pass",Passenger Van,Truck
Ford,Transit Medium Roof 15 Pass,Passenger Van,Truck
Ford,Transit Van - Gas,Convertible,Truck
Ford,Transit Van Bev,Convertible,Truck
Genesis,Electrified G80,4-Door Sedan,Passanger Car
Genesis,Electrified Gv70,Suv,Mpv
Genesis,G70,4-Door Sedan,Passanger Car
Genesis,G80,4-Door Sedan,Passanger Car
Genesis,G90,4-Door Sedan,Passanger Car
Genesis,Gv60,Suv,Mpv
Genesis,Gv70,Suv,Mpv
Genesis,Gv80,Suv,Mpv
Gmc,Acadia,Suv,Mpv
Gmc,Canyon,Crew Cab Pickup,Truck
Gmc,Hummer Ev,Suv,Mpv
Gmc,Hummer Ev,Crew Cab Pickup,Truck
Gmc,Savana Cargo 2500,Convertible,Truck
Gmc,Savana Cargo 3500,Convertible,Truck
Gmc,Savana Passenger 2500,Passenger Van,Bus
Gmc,Savana Passenger 3500- 12 Passenger,Passenger Van,Bus
Gmc,Savana Passenger 3500- 15 Passenger,Passenger Van,Bus
Gmc,Sierra 1500,Extended Cab Pickup,Truck
Gmc,Sierra 1500,Regular Cab Pickup,Truck
Gmc,Sierra 1500,Crew Cab Pickup,Truck
Gmc,Sierra 2500,Extended Cab Pickup,Truck
Gmc,Sierra 2500,Crew Cab Pickup,Truck
Gmc,Sierra 2500,Regular Cab Pickup,Truck
Gmc,Terrain,Suv,Mpv
Gmc,Yukon,Suv,Mpv
Gmc,Yukon Xl,Suv,Mpv
Honda,Accord Hybrid,4-Door Sedan,Passanger Car
Honda,Accord Sedan,4-Door Sedan,Passanger Car
Honda,Civic Hatchback,5-Door Hatchback,Passanger Car
Honda,Civic Hatchback Type R,5-Door Hatchback,Passanger Car
Honda,Civic Sedan,4-Door Sedan,Passanger Car
Honda,Civic Sedan Si,4-Door Sedan,Passanger Car
Honda,Cr-v,Suv,Mpv
Honda,Cr-v Hybrid,Suv,Mpv
Honda,Hr-v,Suv,Mpv
Honda,Odyssey,Passenger Van,Mpv
Honda,Passport,Suv,Mpv
Honda,Pilot,Suv,Mpv
Honda,Ridgeline,Crew Cab Pickup,Truck
Hyundai,Elantra,4-Door Sedan,Passanger Car
Hyundai,Elantra Hev,4-Door Sedan,Passanger Car
Hyundai,Elantra N,4-Door Sedan,Passanger Car
Hyundai,Ioniq 5,Suv,Mpv
Hyundai,Ioniq 6,4-Door Sedan,Mpv
Hyundai,Kona,Suv,Mpv
Hyundai,Kona Electric,Suv,Mpv
Hyundai,Nexo,Suv,Mpv
Hyundai,Palisade,Suv,Mpv
Hyundai,Santa Cruz,Crew Cab Pickup,Truck
Hyundai,Santa Fe,Suv,Mpv
Hyundai,Santa Fe Hev,Suv,Mpv
Hyundai,Sonata,4-Door Sedan,Passanger Car
Hyundai,Sonata Hev,4-Door Sedan,Passanger Car
Hyundai,Tucson,Suv,Mpv
Hyundai,Tucson Hev,Suv,Mpv
Hyundai,Tucson Phev,Suv,Mpv
Hyundai,Venue,5-Door Hatchback,Passanger Car
Infiniti,Q50,4-Door Sedan,Passanger Car
Infiniti,Qx50,Suv,Mpv
Infiniti,Qx55,Suv,Mpv
Infiniti,Qx60,Suv,Mpv
Infiniti,Qx80,Suv,Mpv
Jaguar,E-pace,Suv,Mpv
Jaguar,F-pace,Suv,Mpv
Jaguar,F-type Convertible,Coupe,Passanger Car
Jaguar,F-type Coupe,2-Door Sedan,Passanger Car
Jaguar,I-pace,Suv,Mpv
Jaguar,Xf,4-Door Sedan,Passanger Car
Jeep,Compass,Suv,Mpv
Jeep,Grand Cherokee,Suv,Mpv
Jeep,Grand Cherokee 4xe,Suv,Mpv
Jeep,Grand Cherokee L,Suv,Mpv
Jeep,Grand Wagoneer,Suv,Mpv
Jeep,Grand Wagoneer L,Suv,Mpv
Jeep,Wagoneer,Suv,Mpv
Jeep,Wagoneer L,Suv,Mpv
Jeep,Wrangler 2-Door,Suv,Mpv
Jeep,Wrangler 4-Door,Suv,Mpv
Jeep,Wrangler 4-Door 392,Suv,Mpv
Jeep,Wrangler 4-Door 4xe,Suv,Mpv
Jeep,Wrangler 4-Door Rhd,Suv,Mpv
Kia,Carnival,Passenger Van,Mpv
Kia,Ev6,Suv,Mpv
Kia,Ev9,Suv,Mpv
Kia,Forte,4-Door Sedan,Passanger Car
Kia,K5,4-Door Sedan,Passanger Car
Kia,Niro,Suv,Mpv
Kia,Niro Ev,Suv,Mpv
Kia,Niro Plug-in Hybrid,Suv,Mpv
Kia,Seltos,Suv,Mpv
Kia,Sorento,Suv,Mpv
Kia,Sorento Hybrid,Suv,Mpv
Kia,Sorento Plug-in Hybrid,Suv,Mpv
Kia,Soul,Suv,Mpv
Kia,Sportage,Suv,Mpv
Kia,Sportage Hybrid,Suv,Mpv
Kia,Sportage Plug-in Hybrid,Suv,Mpv
Kia,Telluride,Suv,Mpv
Land Rover,Defender 110,Suv,Mpv
Land Rover,Defender 130,Suv,Mpv
Land Rover,Defender 90,Suv,Mpv
Land Rover,Discovery,Suv,Mpv
Land Rover,Discovery Sport,Suv,Mpv
Land Rover,Range Rover,Suv,Mpv
Land Rover,Range Rover Evoque,Suv,Mpv
Land Rover,Range Rover Lwb,Suv,Mpv
Land Rover,Range Rover Sport,Suv,Mpv
Land Rover,Range Rover Velar,Suv,Mpv
Lexus,Es 250,4-Door Sedan,Passanger Car
Lexus,Es 300h,4-Door Sedan,Passanger Car
Lexus,Es 350,4-Door Sedan,Passanger Car
Lexus,Is 300,4-Door Sedan,Passanger Car
Lexus,Is 350,4-Door Sedan,Passanger Car
Lexus,Is 500,4-Door Sedan,Passanger Car
Lexus,Lc 500,2-Door Sedan,Passanger Car
Lexus,Lc 500 Convertible,Coupe,Passanger Car
Lexus,Lc 500h,2-Door Sedan,Passanger Car
Lexus,Ls 500,4-Door Sedan,Passanger Car
Lexus,Ls 500h,4-Door Sedan,Passanger Car
Lexus,Lx 600,Suv,Mpv
Lexus,Nx 250,Suv,Mpv
Lexus,Nx 350,Suv,Mpv
Lexus,Nx 350h,Suv,Mpv
Lexus,Nx 450h+,Suv,Mpv
Lexus,Rc 300,2-Door Sedan,Passanger Car
Lexus,Rc 350,2-Door Sedan,Passanger Car
Lexus,Rc F,2-Door Sedan,Passanger Car
Lexus,Rx 350,Suv,Mpv
Lexus,Rx 350h,Suv,Mpv
Lexus,Rx 500h,Suv,Mpv
Lexus,Rz 450e,Suv,Mpv
Lexus,Ux 250h,5-Door Hatchback,Passanger Car
Lincoln,Aviator Gas,Suv,Mpv
Lincoln,Corsair Gas,Suv,Mpv
Lincoln,Corsair Phev,Suv,Mpv
Lincoln,Nautilus,Suv,Mpv
Lincoln,Nautilus - Fhev,Suv,Mpv
Lincoln,Navigator,Suv,Mpv
Lincoln,Navigator El,Suv,Mpv
Lucid,Air,4-Door Sedan,Passanger Car
Mazda,Cx-30,Suv,Mpv
Mazda,Cx-5,Suv,Mpv
Mazda,Cx-50,Suv,Mpv
Mazda,Cx-90-mhev,Suv,Mpv
Mazda,Cx-90-phev,Suv,Mpv
Mazda,Mazda3,4-Door Sedan,Passanger Car
Mazda,Mazda3,5-Door Hatchback,Passanger Car
Mazda,Mx-5,Coupe,Passanger Car
Mercedes,C-class,4-Door Sedan,Passanger Car
Mercedes,C-class Phev,4-Door Sedan,Passanger Car
Mercedes,Cla,4-Door Sedan,Passanger Car
Mercedes,Cle,2-Door Sedan,Passanger Car
Mercedes,Cle Cabriolet,Coupe,Passanger Car
Mercedes,E-class,4-Door Sedan,Passanger Car
Mercedes,E-class Wagon,Station Wagon,Passanger Car
Mercedes,Eqb,Suv,Mpv
Mercedes,Eqe,4-Door Sedan,Passanger Car
Mercedes,Eqe Suv,Suv,Mpv
Mercedes,Eqs,4-Door Sedan,Passanger Car
Mercedes,Eqs Suv,Suv,Mpv
Mercedes,G-class,Suv,Mpv
Mercedes,Gla,5-Door Hatchback,Mpv
Mercedes,Glb,Suv,Mpv
Mercedes,Glc,Suv,Mpv
Mercedes,Glc Coupe,Suv,Mpv
Mercedes,Gle,Suv,Mpv
Mercedes,Gle Coupe,Suv,Mpv
Mercedes,Gle Phev,Suv,Mpv
Mercedes,Gls,Suv,Mpv
Mercedes,Gt 4-Door Coupe,4-Door Sedan,Passanger Car
Mercedes,Gt 4-Door Coupe Phev,4-Door Sedan,Passanger Car
Mercedes,Gt Coupe,2-Door Sedan,Passanger Car
Mercedes,Mercedes-benz Esprinter (ho),Convertible,Truck
Mercedes,Mercedes-benz Esprinter (so),Convertible,Truck
Mercedes,S-class,4-Door Sedan,Passanger Car
Mercedes,S-class Phev,4-Door Sedan,Passanger Car
Mercedes,Sl,Coupe,Passanger Car
Mercedes,Sl Phev,Coupe,Passanger Car
Mercedes,Sprinter 2500 12 Passenger Van,Passenger Van,Bus
Mercedes,Sprinter 2500 15 Passenger Van,Passenger Van,Bus
Mercedes,Sprinter 2500 Cargo Van,Convertible,Truck
Mercedes,Sprinter 2500 Cargo Van (lwb),Convertible,Truck
Mercedes,Sprinter 2500 Cargo Van (swb),Convertible,Truck
Mercedes,Sprinter 2500 Crew Van (lwb),Passenger Van,Truck
Mercedes,Sprinter 2500 Crew Van (swb),Passenger Van,Truck
Mercedes,Sprinter 2500 Passenger Van,Passenger Van,Bus
Mercedes,Sprinter 3500 Crew Van,Passenger Van,Truck
Mercedes,Sprinter 3500xd Cargo Van,Convertible,Truck
Mercedes,Sprinter 3500xd Crew Van,Passenger Van,Truck
Mercedes,Sprinter 4500 Cargo Van,Convertible,Truck
Mercedes,Sprinter 4500 Crew Van,Passenger Van,Truck
Mercedes,Eqs Suv,Suv,Mpv
Mercedes,Gls,Suv,Mpv
Mercedes,S-class,4-Door Sedan,Passanger Car
Mini,Clubman,5-Door Hatchback,Passanger Car
Mini,Convertible,Coupe,Passanger Car
Mini,Cooper Se,3-Door Hatchback,Passanger Car
Mini,Countryman,5-Door Hatchback,Mpv
Mini,Hardtop 2dr,3-Door Hatchback,Passanger Car
Mini,Hardtop 4dr,5-Door Hatchback,Passanger Car
Mitsubishi,Eclipse Cross,Suv,Mpv
Mitsubishi,Mirage,5-Door Hatchback,Passanger Car
Mitsubishi,Mirage G4,4-Door Sedan,Passanger Car
Mitsubishi,Outlander,Suv,Mpv
Mitsubishi,Outlander Phev,Suv,Mpv
Mitsubishi,Outlander Sport,Suv,Mpv
Nissan,Altima,4-Door Sedan,Passanger Car
Nissan,Ariya,Suv,Passanger Car
Nissan,Armada,Suv,Mpv
Nissan,Frontier Crew Cab,Crew Cab Pickup,Truck
Nissan,Frontier King Cab,Extended Cab Pickup,Truck
Nissan,Gtr,2-Door Sedan,Passanger Car
Nissan,Kicks,Suv,Passanger Car
Nissan,Leaf (40 Kwh Battery),5-Door Hatchback,Passanger Car
Nissan,Leaf Plus (60 Kwh Battery),5-Door Hatchback,Passanger Car
Nissan,Murano,Suv,Mpv
Nissan,Pathfinder,Suv,Mpv
Nissan,Rogue,Suv,Mpv
Nissan,Sentra,4-Door Sedan,Passanger Car
Nissan,Titan Crew Cab,Crew Cab Pickup,Truck
Nissan,Titan King Cab,Extended Cab Pickup,Truck
Nissan,Titan Xd Crew Cab,Crew Cab Pickup,Truck
Nissan,Versa,4-Door Sedan,Passanger Car
Nissan,Z,2-Door Sedan,Passanger Car
Polestar,Polestar 2,5-Door Hatchback,Passanger Car
Porsche,718 Boxster,Coupe,Passanger Car
Porsche,718 Boxster Gts 4.0,Coupe,Passanger Car
Porsche,718 Boxster S,Coupe,Passanger Car
Porsche,718 Boxster Style Edition,Coupe,Passanger Car
Porsche,718 Boxster T,Coupe,Passanger Car
Porsche,718 Cayman,2-Door Sedan,Passanger Car
Porsche,718 Cayman Gts 4.0,2-Door Sedan,Passanger Car
Porsche,718 Cayman S,2-Door Sedan,Passanger Car
Porsche,718 Cayman Style Edition,2-Door Sedan,Passanger Car
Porsche,718 Cayman T,2-Door Sedan,Passanger Car
Porsche,718 Gt4,2-Door Sedan,Passanger Car
Porsche,718 Gt4 Rs,2-Door Sedan,Passanger Car
Porsche,718 Spyder,Coupe,Passanger Car
Porsche,718 Spyder Rs,Coupe,Passanger Car
Porsche,911 50 Years Porsche Design Edition,Coupe,Passanger Car
Porsche,911 Carrera,2-Door Sedan,Passanger Car
Porsche,911 Carrera 4,2-Door Sedan,Passanger Car
Porsche,911 Carrera 4 Cabriolet,Coupe,Passanger Car
Porsche,911 Carrera 4 Gts,2-Door Sedan,Passanger Car
Porsche,911 Carrera 4 Gts Cabriolet,Coupe,Passanger Car
Porsche,911 Carrera 4s,2-Door Sedan,Passanger Car
Porsche,911 Carrera 4s Cabriolet,Coupe,Passanger Car
Porsche,911 Carrera Cabriolet,Coupe,Passanger Car
Porsche,911 Carrera Gts,2-Door Sedan,Passanger Car
Porsche,911 Carrera Gts Cabriolet,Coupe,Passanger Car
Porsche,911 Carrera S,2-Door Sedan,Passanger Car
Porsche,911 Carrera S Cabriolet,Coupe,Passanger Car
Porsche,911 Carrera T,2-Door Sedan,Passanger Car
Porsche,911 Dakar,2-Door Sedan,Passanger Car
Porsche,911 Gt3,2-Door Sedan,Passanger Car
Porsche,911 Gt3 Rs,2-Door Sedan,Passanger Car
Porsche,911 Gt3 Touring,2-Door Sedan,Passanger Car
Porsche,911 S/t,2-Door Sedan,Passanger Car
Porsche,911 Sport Classic,2-Door Sedan,Passanger Car
Porsche,911 Targa 4,Coupe,Passanger Car
Porsche,911 Targa 4 Gts,Coupe,Passanger Car
Porsche,911 Targa 4s,Coupe,Passanger Car
Porsche,911 Turbo,2-Door Sedan,Passanger Car
Porsche,911 Turbo Cabriolet,Coupe,Passanger Car
Porsche,911 Turbo S,2-Door Sedan,Passanger Car
Porsche,911 Turbo S Cabriolet,Coupe,Passanger Car
Porsche,Cayenne,Suv,Mpv
Porsche,Cayenne Coupe,Suv,Mpv
Porsche,Cayenne E-hybrid,Suv,Mpv
Porsche,Cayenne E-hybrid Coupe,Suv,Mpv
Porsche,Cayenne S,Suv,Mpv
Porsche,Cayenne S Coupe,Suv,Mpv
Porsche,Cayenne S E-hybrid,Suv,Mpv
Porsche,Cayenne S E-hybrid Coupe,Suv,Mpv
Porsche,Cayenne Turbo E-hybrid,Suv,Mpv
Porsche,Cayenne Turbo E-hybrid Coupe,Suv,Mpv
Porsche,Cayenne Turbo Gt Coupe,Suv,Mpv
Porsche,Macan,Suv,Mpv
Porsche,Macan 4,Suv,Mpv
Porsche,Macan Gts,Suv,Mpv
Porsche,Macan S,Suv,Mpv
Porsche,Macan T,Suv,Mpv
Porsche,Macan Turbo,Suv,Mpv
Porsche,Panamera,4-Door Sedan,Passanger Car
Porsche,Panamera 4,4-Door Sedan,Passanger Car
Porsche,Taycan,4-Door Sedan,Passanger Car
Porsche,Taycan 4 Cross Turismo,5-Door Hatchback,Passanger Car
Porsche,Taycan 4s,4-Door Sedan,Passanger Car
Porsche,Taycan 4s Cross Turismo,5-Door Hatchback,Passanger Car
Porsche,Taycan Gts,4-Door Sedan,Passanger Car
Porsche,Taycan Gts Sport Turismo,5-Door Hatchback,Passanger Car
Porsche,Taycan Turbo,4-Door Sedan,Passanger Car
Porsche,Taycan Turbo Cross Turismo,5-Door Hatchback,Passanger Car
Porsche,Taycan Turbo S,4-Door Sedan,Passanger Car
Porsche,Taycan Turbo S Cross Turismo,5-Door Hatchback,Passanger Car
Ram,Promaster,Convertible,Truck
Ram,Ram 1500 Crew Cab,Crew Cab Pickup,Truck
Ram,Ram 1500 Crew Cab Trx,Crew Cab Pickup,Truck
Ram,Ram 1500 Quad Cab,Extended Cab Pickup,Truck
Ram,Ram 2500 Crew Cab,Crew Cab Pickup,Truck
Ram,Ram 2500 Mega Cab,Crew Cab Pickup,Truck
Ram,Ram 2500 Regular Cab,Regular Cab Pickup,Truck
Rivian,Edv 500,Convertible,Truck
Rivian,Edv 700,Convertible,Truck
Rivian,R1s,Suv,Mpv
Rivian,R1t,Crew Cab Pickup,Truck
Rolls-royce,Cullinan,Suv,Mpv
Rolls-royce,Ghost,4-Door Sedan,Passanger Car
Rolls-royce,Ghost Ewb,4-Door Sedan,Passanger Car
Rolls-royce,Phantom,4-Door Sedan,Passanger Car
Rolls-royce,Phantom Ewb,4-Door Sedan,Passanger Car
Subaru,Ascent,Suv,Mpv
Subaru,Brz,2-Door Sedan,Passanger Car
Subaru,Crosstrek,Station Wagon,Mpv
Subaru,Crosstrek Wilderness,Station Wagon,Mpv
Subaru,Forester,Suv,Mpv
Subaru,Forester Wilderness,Suv,Mpv
Subaru,Impreza,Station Wagon,Passanger Car
Subaru,Legacy,4-Door Sedan,Passanger Car
Subaru,Outback,Station Wagon,Mpv
Subaru,Outback Wilderness,Station Wagon,Mpv
Subaru,Solterra,Suv,Mpv
Subaru,Wrx,4-Door Sedan,Passanger Car
Tesla,Model 3,4-Door Sedan,Passanger Car
Tesla,Model S (all Variants),5-Door Hatchback,Passanger Car
Tesla,Model X (all Variants),Suv,Mpv
Tesla,Model Y (all Variants),Suv,Mpv
Toyota,4runner,Suv,Mpv
Toyota,Bz4x,Suv,Mpv
Toyota,Camry,4-Door Sedan,Passanger Car
Toyota,Camry Hybrid,4-Door Sedan,Passanger Car
Toyota,Corolla,4-Door Sedan,Passanger Car
Toyota,Corolla Cross,Suv,Mpv
Toyota,Corolla Cross Hybrid,Suv,Mpv
Toyota,Corolla Hatchback,5-Door Hatchback,Passanger Car
Toyota,Corolla Hybrid,4-Door Sedan,Passanger Car
Toyota,Crown Hybrid,4-Door Sedan,Passanger Car
Toyota,Gr Corolla,5-Door Hatchback,Passanger Car
Toyota,Gr86,2-Door Sedan,Passanger Car
Toyota,Highlander,Suv,Mpv
Toyota,Highlander Hybrid,Suv,Mpv
Toyota,Mirai,4-Door Sedan,Passanger Car
Toyota,Prius,5-Door Hatchback,Passanger Car
Toyota,Prius Prime,5-Door Hatchback,Passanger Car
Toyota,Rav4,Suv,Mpv
Toyota,Rav4 Hybrid,Suv,Mpv
Toyota,Rav4 Prime,Suv,Mpv
Toyota,Sequoia Hybrid,Suv,Mpv
Toyota,Supra,2-Door Sedan,Passanger Car
Toyota,Tundra,Crew Cab Pickup,Truck
Toyota,Tundra,Extended Cab Pickup,Truck
Toyota,Tundra Hybrid,Crew Cab Pickup,Truck
Toyota,Venza Hybrid,Suv,Mpv
Vinfast,Vf8,Suv,Mpv
Volkswagen,Arteon,4-Door Sedan,Passanger Car
Volkswagen,Atlas,Suv,Mpv
Volkswagen,Atlas Cross Sport,Suv,Mpv
Volkswagen,Golf Gti,4-Door Sedan,Passanger Car
Volkswagen,Golf R,4-Door Sedan,Passanger Car
Volkswagen,Id.4,Suv,Mpv
Volkswagen,Jetta,4-Door Sedan,Passanger Car
Volkswagen,Jetta Gli,4-Door Sedan,Passanger Car
Volkswagen,Taos,Suv,Mpv
Volkswagen,Tiguan,Suv,Mpv
Volvo,C40 Recharge,4-Door Sedan,Passanger Car
Volvo,S60 B5,4-Door Sedan,Passanger Car
Volvo,S60 Recharge,4-Door Sedan,Passanger Car
Volvo,S90 B6,4-Door Sedan,Passanger Car
Volvo,S90 Recharge,4-Door Sedan,Passanger Car
Volvo,V60 Cross Country B5,Station Wagon,Passanger Car
Volvo,V60 Recharge Polestar Engineered,Station Wagon,Passanger Car
Volvo,V90 Cross Country B6,Station Wagon,Passanger Car
Volvo,Xc40 B5,Suv,Mpv
Volvo,Xc40 Recharge,Suv,Mpv
Volvo,Xc60 B5,Suv,Mpv
Volvo,Xc60 Recharge,Suv,Mpv
Volvo,Xc90 B5,Suv,Mpv
Volvo,Xc90 B6,Suv,Mpv
Volvo,Xc90 Recharge,Suv,Mpv
Audi,Audi A3,4-Door Sedan,Passanger Car
Audi,Audi A4,4-Door Sedan,Passanger Car
Audi,Audi A4 Allroad,Station Wagon,Mpv
Audi,Audi A5 Cabriolet,Coupe,Passanger Car
Audi,Audi A5 Coupe,2-Door Sedan,Passanger Car
Audi,Audi A5 Sportback,4-Door Sedan,Passanger Car
Audi,Audi A6 Allroad,Station Wagon,Passanger Car
Audi,Audi A6 Sedan,4-Door Sedan,Passanger Car
Audi,Audi A7,4-Door Sedan,Passanger Car
Audi,Audi A8 Lwb,4-Door Sedan,Passanger Car
Audi,Audi E-tron,Suv,Mpv
Audi,Audi E-tron Gt,4-Door Sedan,Passanger Car
Audi,Audi E-tron S,Suv,Mpv
Audi,Audi E-tron S Sportback,Suv,Mpv
Audi,Audi E-tron Sportback,Suv,Mpv
Audi,Audi Q3,Suv,Mpv
Audi,Audi Q4 E-tron,Suv,Mpv
Audi,Audi Q4 Sportback E-tron,Suv,Mpv
Audi,Audi Q5,Suv,Mpv
Audi,Audi Q5 Phev,Suv,Mpv
Audi,Audi Q5 Sportback,Suv,Mpv
Audi,Audi Q7,Suv,Mpv
Audi,Audi Q8,Suv,Mpv
Audi,Audi R8 Coupe,2-Door Sedan,Passanger Car
Audi,Audi R8 Spyder,Coupe,Passanger Car
Audi,Audi Rs 3,4-Door Sedan,Passanger Car
Audi,Audi Rs 5 Coupe,2-Door Sedan,Passanger Car
Audi,Audi Rs 5 Sportback,4-Door Sedan,Passanger Car
Audi,Audi Rs 6 Avant,Station Wagon,Passanger Car
Audi,Audi Rs 7,4-Door Sedan,Passanger Car
Audi,Audi Rs E-tron Gt,4-Door Sedan,Passanger Car
Audi,Audi Rs Q8,Suv,Mpv
Audi,Audi S3,4-Door Sedan,Passanger Car
Audi,Audi S4,4-Door Sedan,Passanger Car
Audi,Audi S5 Cabriolet,Coupe,Passanger Car
Audi,Audi S5 Coupe,2-Door Sedan,Passanger Car
Audi,Audi S5 Sportback,4-Door Sedan,Passanger Car
Audi,Audi S6 Sedan,4-Door Sedan,Passanger Car
Audi,Audi S7,4-Door Sedan,Passanger Car
Audi,Audi S8 Lwb,4-Door Sedan,Passanger Car
Audi,Audi Sq5,Suv,Mpv
Audi,Audi Sq5 Sportback,Suv,Mpv
Audi,Audi Sq7,Suv,Mpv
Audi,Audi Sq8,Suv,Mpv
Audi,Audi Tt Coupe,2-Door Sedan,Passanger Car
Audi,Audi Tt Roadster,Coupe,Passanger Car
Audi,Audi Tts Coupe,2-Door Sedan,Passanger Car
Bentley,Bentayga Speed,Suv,Mpv
Bmw,5 Series Hybrid Sedan,4-Door Sedan,Passanger Car
Bmw,5 Series Sedan,4-Door Sedan,Passanger Car
Bmw,M5 Sedan,4-Door Sedan,Passanger Car
Bmw,X2,Suv,Mpv
Chevrolet,Bolt Euv,Suv,Passanger Car
Chevrolet,Bolt Ev,5-Door Hatchback,Passanger Car
Chevrolet,Express Passenger 3500 - 12 Passenger,Passenger Van,Bus
Chevrolet,Express Passenger 3500 - 15 Passenger,Passenger Van,Bus
Chrysler,300,4-Door Sedan,Passanger Car
Dodge,Challenger,2-Door Sedan,Passanger Car
Dodge,Challenger (driver),2-Door Sedan,Passanger Car
Dodge,Challenger (front Seat),2-Door Sedan,Passanger Car
Dodge,Challenger Awd,2-Door Sedan,Passanger Car
Dodge,Challenger Srt,2-Door Sedan,Passanger Car
Dodge,Challenger Srt (driver),2-Door Sedan,Passanger Car
Dodge,Challenger Srt (front Seat),2-Door Sedan,Passanger Car
Dodge,Charger,4-Door Sedan,Passanger Car
Dodge,Charger Pursuit,4-Door Sedan,Passanger Car
Dodge,Charger Srt,4-Door Sedan,Passanger Car
Ford,Mustang Convertible,Coupe,Passanger Car
Ford,Mustang Coupe,2-Door Sedan,Passanger Car
Ford,Mustang Gt 500,2-Door Sedan,Passanger Car
Ford,Ranger (super Cab),Extended Cab Pickup,Truck
Ford,Transit Connect Van,Convertible,Truck
Ford,Transit Connect Wagon,Passenger Van,Truck
Ford,Transit Van Gas,Convertible,Truck
Gmc,Savana Passenger 3500 - 12 Passenger,Passenger Van,Bus
Gmc,Savana Passenger 3500 - 15 Passenger,Passenger Van,Bus
Honda,Odyssey,Mini Van,Mpv
Hyundai,Ioniq 6,4-Door Sedan,Passanger Car
Hyundai,Kona N,Suv,Mpv
Hyundai,Santa Fe Phev,Suv,Mpv
Hyundai,Tucson Hybrid,Suv,Mpv
Jeep,Cherokee,Suv,Mpv
Jeep,Gladiator,Crew Cab Pickup,Truck
Jeep,Gladiator Diesel,Crew Cab Pickup,Truck
Jeep,Grand Cherokee Phev,Suv,Mpv
Jeep,Renegade,Suv,Mpv
Jeep,Wrangler,Suv,Mpv
Jeep,Wrangler Unlimited,Suv,Mpv
Jeep,Wrangler Unlimited 392,Suv,Mpv
Jeep,Wrangler Unlimited Diesel,Suv,Mpv
Jeep,Wrangler Unlimited Phev,Suv,Mpv
Jeep,Wrangler Unlimited Rhd,Suv,Mpv
Kia,Carnival,Mini Van,Mpv
Kia,Rio,5-Door Hatchback,Passanger Car
Kia,Rio,4-Door Sedan,Passanger Car
Kia,Sorento Hev,Suv,Mpv
Kia,Sorento Phev,Suv,Mpv
Kia,Sportage Hev,Suv,Mpv
Kia,Sportage Phev,Suv,Mpv
Kia,Stinger,4-Door Sedan,Passanger Car
Lexus,Gx 460,Suv,Mpv
Lincoln,Aviator Phev,Suv,Mpv
Mazda,Cx-9,Suv,Mpv
Mazda,Mx-30,5-Door Hatchback,Passanger Car
Mazda,Mx-30,5-Door Hatchback,Passanger Car
Mercedes,C-class Cabriolet,Coupe,Passanger Car
Mercedes,C-class Coupe,2-Door Sedan,Passanger Car
Mercedes,Cla-class,4-Door Sedan,Passanger Car
Mercedes,Cls-class,4-Door Sedan,Passanger Car
Mercedes,E-class Cabriolet,Coupe,Passanger Car
Mercedes,E-class Coupe,2-Door Sedan,Passanger Car
Mercedes,E-class Station Wagon,Station Wagon,Passanger Car
Mercedes,Eqe,Suv,Mpv
Mercedes,Eqs,Suv,Mpv
Mercedes,Gla-class,Suv,Mpv
Mercedes,Glb-class,Suv,Mpv
Mercedes,Glc-class,Suv,Mpv
Mercedes,Glc-class Coupe,Suv,Mpv
Mercedes,Gle-class,Suv,Mpv
Mercedes,Gle-class Coupe,Suv,Mpv
Mercedes,Gls-class,Suv,Mpv
Mercedes,Gt Class,4-Door Sedan,Passanger Car
Mercedes,Mercedes-maybach S-class,4-Door Sedan,Passanger Car
Mercedes,Metris Cargo Van,Convertible,Truck
Mercedes,Metris Passenger Van,Passenger Van,Mpv
Mercedes,S-class Hybrid,4-Door Sedan,Passanger Car
Mercedes,Sl-class,Coupe,Passanger Car
Mercedes,Sprinter 1500 Cargo Van,Convertible,Truck
Mercedes,Sprinter 1500 Passenger Van,Passenger Van,Mpv
Mercedes,Sprinter 2500 12 Passenger Van,Passenger Van,Mpv
Mercedes,Sprinter 2500 15 Passenger Van,Passenger Van,Mpv
Mercedes,Sprinter 3500 Cargo Van,Convertible,Truck
Mini,Countryman Se,5-Door Hatchback,Mpv
Nissan,Leaf Plus (62 Kwh Battery),5-Door Hatchback,Passanger Car
Nissan,Maxima,4-Door Sedan,Passanger Car
Porsche,718 Boxster Value Edition,Coupe,Passanger Car
Porsche,718 Cayman Gt4,2-Door Sedan,Passanger Car
Porsche,718 Cayman Gt4 Rs,2-Door Sedan,Passanger Car
Porsche,718 Cayman Value Edition,2-Door Sedan,Passanger Car
Porsche,911 50 Year Porsche Design Edition,Coupe,Passanger Car
Porsche,911 Gt3 Touring Package,2-Door Sedan,Passanger Car
Porsche,911 Sport Classic Ii,2-Door Sedan,Passanger Car
Porsche,Cayenne Coupe Platinum Edition,Suv,Mpv
Porsche,Cayenne E-hybrid Coupe Platinum Edition,Suv,Mpv
Porsche,Cayenne E-hybrid Platinum Edition,Suv,Mpv
Porsche,Cayenne Gts,Suv,Mpv
Porsche,Cayenne Gts Coupe,Suv,Mpv
Porsche,Cayenne Platinum Edition,Suv,Mpv
Porsche,Cayenne S Coupe Platinum Edition,Suv,Mpv
Porsche,Cayenne S Platinum Edition,Suv,Mpv
Porsche,Cayenne Turbo,Suv,Mpv
Porsche,Cayenne Turbo Coupe,Suv,Mpv
Porsche,Cayenne Turbo Gt,Suv,Mpv
Porsche,Cayenne Turbo S E-hybrid,Suv,Mpv
Porsche,Cayenne Turbo S E-hybrid Coupe,Suv,Mpv
Porsche,Panamera 4 E-hybrid,4-Door Sedan,Passanger Car
Porsche,Panamera 4 E-hybrid Executive,4-Door Sedan,Passanger Car
Porsche,Panamera 4 E-hybrid Platinum Edition,4-Door Sedan,Passanger Car
Porsche,Panamera 4 E-hybrid Sport Turismo,Station Wagon,Passanger Car
Porsche,Panamera 4 Executive,4-Door Sedan,Passanger Car
Porsche,Panamera 4 Platinum Edition,4-Door Sedan,Passanger Car
Porsche,Panamera 4 Sport Turismo,Station Wagon,Passanger Car
Porsche,Panamera 4s,4-Door Sedan,Passanger Car
Porsche,Panamera 4s E-hybrid,4-Door Sedan,Passanger Car
Porsche,Panamera 4s E-hybrid Executive,4-Door Sedan,Passanger Car
Porsche,Panamera 4s E-hybrid Sport Turismo,Station Wagon,Passanger Car
Porsche,Panamera 4s Executive,4-Door Sedan,Passanger Car
Porsche,Panamera 4s Sport Turismo,Station Wagon,Passanger Car
Porsche,Panamera Gts,4-Door Sedan,Passanger Car
Porsche,Panamera Gts Sport Turismo,Station Wagon,Passanger Car
Porsche,Panamera Platinum Edition,4-Door Sedan,Passanger Car
Porsche,Panamera Turbo S,4-Door Sedan,Passanger Car
Porsche,Panamera Turbo S E-hybrid,4-Door Sedan,Passanger Car
Porsche,Panamera Turbo S E-hybrid Executive,4-Door Sedan,Passanger Car
Porsche,Panamera Turbo S E-hybrid Sport Turismo,Station Wagon,Passanger Car
Porsche,Panamera Turbo S Executive,4-Door Sedan,Passanger Car
Porsche,Panamera Turbo S Sport Turismo,Station Wagon,Passanger Car
Porsche,Taycan 4 Cross Turismo,Station Wagon,Passanger Car
Porsche,Taycan 4s Cross Turismo,Station Wagon,Passanger Car
Porsche,Taycan Gts Sport Turismo,Station Wagon,Passanger Car
Porsche,Taycan Turbo Cross Turismo,Station Wagon,Passanger Car
Porsche,Taycan Turbo S Cross Turismo,Station Wagon,Passanger Car
Ram,1500 Crew Cab,Crew Cab Pickup,Truck
Ram,1500 Crew Cab Trx,Crew Cab Pickup,Truck
Ram,1500 Quad Cab,Extended Cab Pickup,Truck
Ram,2500 Crew Cab,Crew Cab Pickup,Truck
Ram,2500 Mega Cab,Crew Cab Pickup,Truck
Ram,2500 Regular Cab,Regular Cab Pickup,Truck
Ram,Ram 1500 Classic Crew Cab,Crew Cab Pickup,Truck
Ram,Ram 1500 Classic Quad Cab,Extended Cab Pickup,Truck
Ram,Ram 1500 Classic Regular Cab,Regular Cab Pickup,Truck
Subaru,Crosstrek Hybrid,Station Wagon,Mpv
Subaru,Impreza,4-Door Sedan,Passanger Car
Toyota,Camry,4-Door Sedan,Passanger Car
Toyota,Camry Hybrid,4-Door Sedan,Passanger Car
Toyota,Tacoma,Extended Cab Pickup,Truck
Toyota,Tacoma,Crew Cab Pickup,Truck
Volkswagen,Arteon Se,4-Door Sedan,Passanger Car
Volkswagen,Arteon Sel Premium R-line,4-Door Sedan,Passanger Car
Volkswagen,Arteon Sel R-line,4-Door Sedan,Passanger Car
Volvo,C40 Recharge Twin,4-Door Sedan,Passanger Car
Volvo,S60 Polestar Engineered T8 Phev,4-Door Sedan,Passanger Car
Volvo,S60 Recharge T8 Phev,4-Door Sedan,Passanger Car
Volvo,S90 Recharge T8 Phev,4-Door Sedan,Passanger Car
Volvo,V60 Polestar Engineered T8 Phev,Station Wagon,Passanger Car
Volvo,Xc40 B4,Suv,Mpv
Volvo,Xc40 Recharge Twin,Suv,Mpv
Volvo,Xc60 B6,Suv,Mpv
Volvo,Xc60 Polestar Engineered T8,Suv,Mpv
Volvo,Xc60 Recharge T8 Phev,Suv,Mpv
Volvo,Xc90 Recharge T8 Phev,Suv,Mpv
Acura,Ilx,4-Door Sedan,Passanger Car
Acura,Nsx,2-Door Sedan,Passanger Car
Audi,Audi A5,2-Door Sedan,Passanger Car
Audi,Audi A6,4-Door Sedan,Passanger Car
Audi,Audi A7 Phev,4-Door Sedan,Passanger Car
Audi,Audi R8,2-Door Sedan,Passanger Car
Audi,Audi Rs 5,2-Door Sedan,Passanger Car
Audi,Audi S5,2-Door Sedan,Passanger Car
Audi,Audi S6,4-Door Sedan,Passanger Car
Audi,Audi Tt,2-Door Sedan,Passanger Car
Audi,Audi Tt Rs,2-Door Sedan,Passanger Car
Audi,Audi Tts,2-Door Sedan,Passanger Car
Bentley,Continental Gt,Coupe,Passanger Car
Bentley,Continental Gt Speed,Coupe,Passanger Car
Bentley,Continental Gt V8,Coupe,Passanger Car
Bmw,3 Series,4-Door Sedan,Passanger Car
Bmw,330e,4-Door Sedan,Passanger Car
Bmw,4 Series,2-Door Sedan,Passanger Car
Bmw,4 Series,Coupe,Passanger Car
Bmw,5 Series,4-Door Sedan,Passanger Car
Bmw,530e,4-Door Sedan,Passanger Car
Bmw,7 Series,4-Door Sedan,Passanger Car
Bmw,745e Xdrive,4-Door Sedan,Passanger Car
Bmw,8 Series,2-Door Sedan,Passanger Car
Bmw,8 Series,Coupe,Passanger Car
Bmw,Alpina B7 Xdrive,4-Door Sedan,Passanger Car
Bmw,I4,4-Door Sedan,Passanger Car
Bmw,M3,4-Door Sedan,Passanger Car
Bmw,M4,2-Door Sedan,Passanger Car
Bmw,M5,4-Door Sedan,Passanger Car
Bmw,M8,Coupe,Passanger Car
Bmw,M8,2-Door Sedan,Passanger Car
Buick,Encore,Suv,Mpv
Chevrolet,Bolt Euv,Suv,Mpv
Chevrolet,Camaro,Coupe,Passanger Car
Chevrolet,Camaro,2-Door Sedan,Passanger Car
Chevrolet,Camaro Lt1,Coupe,Passanger Car
Chevrolet,Camaro Lt1,2-Door Sedan,Passanger Car
Chevrolet,Camaro Ss,Coupe,Passanger Car
Chevrolet,Camaro Ss,2-Door Sedan,Passanger Car
Chevrolet,Camaro Zl1,2-Door Sedan,Passanger Car
Chevrolet,Camaro Zl1,Coupe,Passanger Car
Chevrolet,Colorado,Extended Cab Pickup,Truck
Chevrolet,Express Cargo 2500,Cargo Van,Truck
Chevrolet,Express Cargo 3500,Cargo Van,Truck
Chevrolet,Express Passenger 2500,Passenger Van,Bus
Chevrolet,Express Passenger 3500 - 12 Passenger,Passenger Van,Bus
Chevrolet,Express Passenger 3500 - 15 Passenger,Passenger Van,Bus
Chevrolet,Silverado 1500 Ltd,Crew Cab Pickup,Truck
Chevrolet,Silverado 1500 Ltd,Extended Cab Pickup,Truck
Chevrolet,Silverado 1500 Ltd,Regular Cab Pickup,Truck
Chevrolet,Spark,5-Door Hatchback,Passanger Car
Chrysler,Pacifica,Mini Van,Mpv
Chrysler,Pacifica Hybrid,Mini Van,Mpv
Chrysler,Voyager,Mini Van,Mpv
Ford,Bronco,2-Door Sedan,Mpv
Ford,Ecosport,Suv,Mpv
Ford,Escape,Suv,Mpv
Ford,Explorer,Suv,Mpv
Ford,F-150 Regular Cab,Regular Cab Pickup,Truck
Ford,F-150 Super Cab,Extended Cab Pickup,Truck
Ford,F-150 Super Cab Diesel,Extended Cab Pickup,Truck
Ford,F-150 Super Crew,Crew Cab Pickup,Truck
Ford,F-150 Super Crew Diesel,Crew Cab Pickup,Truck
Ford,F-150 Super Crew Hev,Crew Cab Pickup,Truck
Ford,F-250 Crew Cab,Crew Cab Pickup,Truck
Ford,F-250 Regular Cab,Regular Cab Pickup,Truck
Ford,F-250 Super Cab,Extended Cab Pickup,Truck
Ford,F-250 Tremor Crew Cab,Crew Cab Pickup,Truck
Ford,F-350 Crew Cab,Crew Cab Pickup,Truck
Ford,F-350 Regular Cab,Regular Cab Pickup,Truck
Ford,F-350 Super Cab,Extended Cab Pickup,Truck
Ford,Gt,2-Door Sedan,Passanger Car
Ford,Mustang Mach-e,Suv,Mpv
Ford,Ranger Super Cab,Extended Cab Pickup,Truck
Ford,Ranger Super Crew,Crew Cab Pickup,Truck
Ford,Transit Connect Van,Cargo Van,Truck
Ford,Transit Connect Wagon,Station Wagon,Truck
Ford,"Transit High Roof (8,10,12) Pass",Station Wagon,Mpv
Ford,Transit High Roof 15 Pass,Station Wagon,Mpv
Ford,"Transit Low Roof (8,10,12) Pass",Station Wagon,Truck
Ford,Transit Low Roof 15 Pass,Station Wagon,Truck
Ford,"Transit Medium Roof (8,10,12) Pass",Station Wagon,Mpv
Ford,Transit Medium Roof 15 Pass,Station Wagon,Mpv
Ford,Transit Van,Cargo Van,Truck
Ford,Transit Van Battery Electric,Cargo Van,Truck
Freightliner,Sprinter 1500 Cargo Van,Cargo Van,Truck
Freightliner,Sprinter 1500 Passenger Van,Passenger Van,Mpv
Freightliner,Sprinter 2500 12 Passenger Van,Passenger Van,Mpv
Freightliner,Sprinter 2500 15 Passenger Van,Passenger Van,Mpv
Freightliner,Sprinter 2500 Cargo Van (lwb),Cargo Van,Truck
Freightliner,Sprinter 2500 Cargo Van (swb),Cargo Van,Truck
Freightliner,Sprinter 2500 Crew Van (lwb),Passenger Van,Truck
Freightliner,Sprinter 2500 Crew Van (swb),Passenger Van,Truck
Freightliner,Sprinter 3500 Cargo Van,Cargo Van,Truck
Freightliner,Sprinter 3500 Crew Van,Passenger Van,Truck
Freightliner,Sprinter 4500 Cargo Van,Cargo Van,Truck
Freightliner,Sprinter 4500 Crew Van,Passenger Van,Truck
Gmc,Canyon,Extended Cab Pickup,Truck
Gmc,Savana Cargo 2500,Cargo Van,Truck
Gmc,Savana Cargo 3500,Cargo Van,Truck
Gmc,Savana Passenger 2500,Passenger Van,Bus
Gmc,Savana Passenger 3500 - 12 Passenger,Passenger Van,Bus
Gmc,Savana Passenger 3500 - 15 Passenger,Passenger Van,Bus
Gmc,Sierra 1500 Limited,Regular Cab Pickup,Truck
Gmc,Sierra 1500 Limited,Extended Cab Pickup,Truck
Gmc,Sierra 1500 Limited,Crew Cab Pickup,Truck
Honda,Accord,4-Door Sedan,Passanger Car
Honda,Civic,4-Door Sedan,Passanger Car
Honda,Insight,4-Door Sedan,Passanger Car
Honda,Odyssey,Mini Van,Mpv
Hyundai,Accent,4-Door Sedan,Passanger Car
Hyundai,Elantra Hybrid,4-Door Sedan,Passanger Car
Hyundai,Ioniq Hybrid,4-Door Sedan,Passanger Car
Hyundai,Ioniq Plug-in Hybrid,4-Door Sedan,Passanger Car
Hyundai,Santa Fe Hybrid,Suv,Mpv
Hyundai,Santa Fe Plug-in Hybrid,Suv,Mpv
Hyundai,Sonata Hybrid,4-Door Sedan,Passanger Car
Hyundai,Tucson Plug-in Hybrid,Suv,Mpv
Hyundai,Veloster N,3-Door Hatchback,Passanger Car
Infiniti,Q50,4-Door Sedan,Passanger Car
Infiniti,Q60 Coupe,2-Door Sedan,Passanger Car
Jaguar,F- Pace,Suv,Mpv
Jaguar,F-type Convertible,2-Door Sedan,Passanger Car
Jeep,Grand Cherokee Wk,Suv,Mpv
Kia,Niro Electric,Suv,Mpv
Kia,Niro Hybrid,Suv,Mpv
Kia,Niro Phev,Suv,Mpv
Land Rover,Range Rover Evoque (5 Door),Suv,Mpv
Land Rover,Range Rover Swb,Suv,Mpv
Lexus,Lc 500,Coupe,Passanger Car
Lexus,Rx 350l,Suv,Mpv
Lexus,Rx 450h,Suv,Mpv
Lexus,Rx 450hl,Suv,Mpv
Lexus,Ux 200,5-Door Hatchback,Passanger Car
Lincoln,Aviator,Suv,Mpv
Lincoln,Corsair,Suv,Mpv
Mercedes,A-class,4-Door Sedan,Passanger Car
Mercedes,Gt Class 4dr,4-Door Sedan,Passanger Car
Mercedes,Metris Cargo,Cargo Van,Truck
Mercedes,Metris Passenger,Passenger Van,Mpv
Mercedes,Sprinter 1500 Cargo Van,Cargo Van,Truck
Mercedes,Sprinter 1500 Passenger Van,Passenger Van,Mpv
Mercedes,Sprinter 2500 12 Passenger Van,Passenger Van,Mpv
Mercedes,Sprinter 2500 15 Passenger Van,Passenger Van,Mpv
Mercedes,Sprinter 2500 Cargo Van (lwb),Cargo Van,Truck
Mercedes,Sprinter 2500 Cargo Van (swb),Cargo Van,Truck
Mercedes,Sprinter 2500 Crew Van (lwb),Passenger Van,Truck
Mercedes,Sprinter 2500 Crew Van (swb),Passenger Van,Truck
Mercedes,Sprinter 3500 Cargo Van,Cargo Van,Truck
Mercedes,Sprinter 3500 Crew Van,Passenger Van,Truck
Mercedes,Sprinter 4500 Cargo Van,Cargo Van,Truck
Mercedes,Sprinter 4500 Crew Van,Passenger Van,Truck
Mini,Hardtop,3-Door Hatchback,Passanger Car
Mini,Hardtop,5-Door Hatchback,Passanger Car
Nissan,Frontier,Extended Cab Pickup,Truck
Nissan,Frontier,Crew Cab Pickup,Truck
Nissan,Maxima,4-Door Sedan,Passanger Car
Nissan,Rogue Sport,Suv,Passanger Car
Nissan,Sentra,4-Door Sedan,Passanger Car
Nissan,Versa,4-Door Sedan,Passanger Car
Porsche,911 Targa 4,2-Door Sedan,Passanger Car
Porsche,911 Targa 4 Gts,2-Door Sedan,Passanger Car
Porsche,911 Targa 4s,2-Door Sedan,Passanger Car
Porsche,Boxster 25 Years,Coupe,Passanger Car
Porsche,Taycan 4 Cross Turismo,4-Door Sedan,Passanger Car
Porsche,Taycan 4s Cross Turismo,4-Door Sedan,Passanger Car
Porsche,Taycan Turbo Cross Turismo,4-Door Sedan,Passanger Car
Porsche,Taycan Turbo S Cross Turismo,4-Door Sedan,Passanger Car
Ram,1500 Classic Crew Cab,Crew Cab Pickup,Truck
Ram,1500 Classic Quad Cab,Extended Cab Pickup,Truck
Ram,1500 Classic Regular Cab,Regular Cab Pickup,Truck
Ram,Promaster,Cargo Van,Truck
Ram,Promaster City,Mini Van,Mpv
Tesla,Model Y 5-seat,Suv,Mpv
Tesla,Model Y 7-seat,Suv,Mpv
Toyota,Avalon,4-Door Sedan,Passanger Car
Toyota,Avalon Hybrid,4-Door Sedan,Passanger Car
Toyota,C-hr,5-Door Hatchback,Passanger Car
Toyota,Sequoia,Suv,Mpv
Volkswagen,Passat,4-Door Sedan,Passanger Car
Volvo,C40 P8 Recharge,4-Door Sedan,Passanger Car
Volvo,S60 B5 Awd,4-Door Sedan,Passanger Car
Volvo,S60 B5 Fwd,4-Door Sedan,Passanger Car
Volvo,S60 T6 Awd,4-Door Sedan,Passanger Car
Volvo,S60 T8 Polestar Engineered,4-Door Sedan,Passanger Car
Volvo,S60 T8 Recharge,4-Door Sedan,Passanger Car
Volvo,S90 B6 Awd,4-Door Sedan,Passanger Car
Volvo,S90 T8 Recharge,4-Door Sedan,Passanger Car
Volvo,V60 Cc T5 Awd,Station Wagon,Passanger Car
Volvo,V60 T8 Polestar Engineered,Station Wagon,Passanger Car
Volvo,V90 Cc B6 Awd,Station Wagon,Passanger Car
Volvo,Xc40 P8 Recharge Awd,Suv,Mpv
Volvo,Xc40 T4 Fwd,Suv,Mpv
Volvo,Xc40 T5 Awd,Suv,Mpv
Volvo,Xc60 B5 Awd,Suv,Mpv
Volvo,Xc60 B5 Fwd,Suv,Mpv
Volvo,Xc60 B6 Awd,Suv,Mpv
Volvo,Xc60 T8 Polestar Engineered,Suv,Mpv
Volvo,Xc60 T8 Recharge,Suv,Mpv
Volvo,Xc90 T5 Awd,Suv,Mpv
Volvo,Xc90 T5 Fwd,Suv,Mpv
Volvo,Xc90 T6 Awd,Suv,Mpv
Volvo,Xc90 T8 Recharge,Suv,Mpv
Audi,A5,2-Door Sedan,Passanger Car
Audi,A6,4-Door Sedan,Passanger Car
Audi,A6 (with Rear Seat Sabs),4-Door Sedan,Passanger Car
Audi,A7 (with Rear Seat Sabs),4-Door Sedan,Passanger Car
Audi,A7 Phev,4-Door Sedan,Passanger Car
Audi,A8l,4-Door Sedan,Passanger Car
Audi,A8l Phev,4-Door Sedan,Passanger Car
Audi,E-tron,Suv,Mpv
Audi,E-tron Sportback,Suv,Mpv
Audi,R8,2-Door Sedan,Passanger Car
Audi,R8 Spyder,Coupe,Passanger Car
Audi,Rs 5,2-Door Sedan,Passanger Car
Audi,S5,2-Door Sedan,Passanger Car
Audi,S6,4-Door Sedan,Passanger Car
Audi,S8,4-Door Sedan,Passanger Car
Audi,Tt,2-Door Sedan,Passanger Car
Audi,Tt Roadster,Coupe,Passanger Car
Audi,Tt Rs,2-Door Sedan,Passanger Car
Audi,Tts,2-Door Sedan,Passanger Car
Bmw,2 Series,2-Door Sedan,Passanger Car
Bmw,2 Series,Coupe,Passanger Car
Bmw,2 Series Gran,4-Door Sedan,Passanger Car
Bmw,8 Series Gran,4-Door Sedan,Passanger Car
Bmw,I3 Bev,5-Door Hatchback,Passanger Car
Bmw,I3 Rex,5-Door Hatchback,Passanger Car
Bmw,M2 Competition,2-Door Sedan,Passanger Car
Bmw,M8 Gran,4-Door Sedan,Passanger Car
Bmw,X3 30e Xdrive,Suv,Mpv
Chrysler,Pacifica,Mini Van,Mpv
Chrysler,Pacifica Hybrid,Mini Van,Mpv
Chrysler,Voyager,Mini Van,Mpv
Dodge,Challenger(driver),2-Door Sedan,Passanger Car
Dodge,Challenger(front Seat),2-Door Sedan,Passanger Car
Ford,F-150 Regular Cab,Regular Cab Pickup,Truck
Ford,F-150 Super Cab,Extended Cab Pickup,Truck
Ford,F-250 Tremor,Crew Cab Pickup,Truck
Ford,Mustang Gt500,2-Door Sedan,Passanger Car
Ford,"Transit Medium Roof (8,10,12) Pass",Station Wagon,Mpv
Ford,Transit Connect,Cargo Van,Truck
Ford,Transit Connect,Station Wagon,Truck
Honda,Civic Hatch,5-Door Hatchback,Passanger Car
Honda,Civic Hatch Type-r,5-Door Hatchback,Passanger Car
Honda,Clarity Fuel Cell,4-Door Sedan,Passanger Car
Honda,Clarity Plug-in Hybrid,4-Door Sedan,Passanger Car
Hyundai,Elantra N-line,4-Door Sedan,Passanger Car
Hyundai,Ioniq Ev,4-Door Sedan,Passanger Car
Hyundai,Ioniq Hev,4-Door Sedan,Passanger Car
Hyundai,Kona Ev,Suv,Mpv
Hyundai,Santa Fe Hybrid,Suv,Passanger Car
Hyundai,Sonata N,4-Door Sedan,Passanger Car
Hyundai,Veloster,3-Door Hatchback,Passanger Car
Hyundai,Venue,Suv,Passanger Car
Infiniti,Q60,2-Door Sedan,Passanger Car
Jaguar,F-type,2-Door Sedan,Passanger Car
Jaguar,Xe,4-Door Sedan,Passanger Car
Jeep,Grand Cherokee Srt,Suv,Mpv
Jeep,Grand Cherokee Trackhawk,Suv,Mpv
Kia,Rio 5,4-Door Sedan,Passanger Car
Kia,Sedona,Mini Van,Mpv
Land Rover,Defender L663 110,Suv,Mpv
Land Rover,Defender L663 90,Suv,Mpv
Land Rover,Range Rover Evoque (5 Door) L551,Suv,Mpv
Land Rover,Range Rover Sport Phev,Suv,Mpv
Land Rover,Range Rover Swb Phev,Suv,Mpv
Lexus,Lx 570,Suv,Mpv
Lexus,Nx 300,Suv,Mpv
Lexus,Nx 300h,Suv,Mpv
Mazda,Cx-3,Suv,Passanger Car
Mazda,Mazda2,5-Door Hatchback,Passanger Car
Mazda,Mazda6,4-Door Sedan,Passanger Car
Mercedes,Amg Gt-class,2-Door Sedan,Passanger Car
Mercedes,Amg Gt-class 4 Door,4-Door Sedan,Passanger Car
Mercedes,Amg Gt-class Roadster,Coupe,Passanger Car
Mercedes,C-class,2-Door Sedan,Passanger Car
Mercedes,E-class,Station Wagon,Passanger Car
Mercedes,E-class,2-Door Sedan,Passanger Car
Mercedes,Eqc-class,Suv,Mpv
Mercedes,Gle Class,Suv,Mpv
Mercedes,S-class,2-Door Sedan,Passanger Car
Mercedes,S-class Cabriolet,Coupe,Passanger Car
Mercedes,Sprinter 1500 Cargo,Cargo Van,Truck
Mercedes,Sprinter 1500 Passenger,Passenger Van,Mpv
Mercedes,Sprinter 2500 12 Passenger,Passenger Van,Mpv
Mercedes,Sprinter 2500 15 Passenger,Passenger Van,Mpv
Nissan,Leaf,5-Door Hatchback,Passanger Car
Nissan,Leaf Plus,5-Door Hatchback,Passanger Car
Nissan,"Nv1500, Nv2500, Nv3500",Cargo Van,Truck
Nissan,Nv200 Cargo,Cargo Van,Truck
Nissan,Nv3500 Passgenger Van,Passenger Van,Bus
Porsche,718 Boxster 25 Year Edition,Coupe,Passanger Car
Porsche,911 Targa 4s Heritage Edition,2-Door Sedan,Passanger Car
Porsche,Panamera,5-Door Hatchback,Passanger Car
Porsche,Panamera 4,5-Door Hatchback,Passanger Car
Porsche,Panamera 4 Executive,5-Door Hatchback,Passanger Car
Porsche,Panamera 4s E-hybrid,5-Door Hatchback,Passanger Car
Porsche,Panamera 4s E-hybrid Executive,5-Door Hatchback,Passanger Car
Porsche,Panamera Gts,5-Door Hatchback,Passanger Car
Porsche,Panamera Turbo S,5-Door Hatchback,Passanger Car
Porsche,Panamera Turbo S Executive,5-Door Hatchback,Passanger Car
Ram,1500,Crew Cab Pickup,Truck
Ram,1500,Extended Cab Pickup,Truck
Ram,1500 Classic,Regular Cab Pickup,Truck
Ram,1500 Classic,Extended Cab Pickup,Truck
Ram,1500 Classic,Crew Cab Pickup,Truck
Ram,2500,Crew Cab Pickup,Truck
Ram,2500,Regular Cab Pickup,Truck
Ram,2500,Extended Cab Pickup,Truck
Rolls-royce,Dawn,Coupe,Passanger Car
Rolls-royce,Wraith,2-Door Sedan,Passanger Car
Subaru,Outback,Suv,Mpv
Tesla,Model S,5-Door Hatchback,Passanger Car
Tesla,Model X 5-seat,Suv,Mpv
Tesla,Model X 6-seat,Suv,Mpv
Tesla,Model X 7-seat,Suv,Mpv
Tesla,Model Y 5-seat,Suv,Mpv
Toyota,Land Cruiser,Suv,Mpv
Volkswagen,Golf,4-Door Sedan,Passanger Car
Volvo,S60 T5,4-Door Sedan,Passanger Car
Volvo,S60 T6,4-Door Sedan,Passanger Car
Volvo,S60 T8,4-Door Sedan,Passanger Car
Volvo,S90 T6,4-Door Sedan,Passanger Car
Volvo,S90 T8,4-Door Sedan,Passanger Car
Volvo,V60 Cc T5,Station Wagon,Passanger Car
Volvo,V60 T5,Station Wagon,Passanger Car
Volvo,V60 T6,Station Wagon,Passanger Car
Volvo,V60 T8,Station Wagon,Passanger Car
Volvo,V90 Cc T6,Station Wagon,Passanger Car
Volvo,V90 T5,Station Wagon,Passanger Car
Volvo,V90 T6,Station Wagon,Passanger Car
Volvo,Xc40 T4,Suv,Mpv
Volvo,Xc40 T5,Suv,Mpv
Volvo,Xc60 T5,Suv,Mpv
Volvo,Xc60 T6,Suv,Mpv
Volvo,Xc60 T8,Suv,Mpv
Volvo,Xc90 T5,Suv,Mpv
Volvo,Xc90 T6,Suv,Mpv
Volvo,Xc90 T8,Suv,Mpv
Acura,Mdx Sport Hybrid,Suv,Mpv
Acura,Rlx,4-Door Sedan,Passanger Car
Acura,Rlx Sport Hybrid,4-Door Sedan,Passanger Car
Alfa,4c Spider,Coupe,Passanger Car
Alfa,Alfa Romeo Stelvio Quadrifoglio,Suv,Mpv
Audi,A3 Cabriolet,Coupe,Passanger Car
Audi,A5 Cabiolet,Coupe,Passanger Car
Bentley,Bentayga Phev,Suv,Mpv
Bentley,Bentayga W12,Suv,Mpv
Bentley,Bentayga W12 Speed,Suv,Mpv
Bentley,Continental Gt Convertible W12,Coupe,Passanger Car
Bentley,Continental Gt W12,2-Door Sedan,Passanger Car
Bentley,Flying Spur W12,4-Door Sedan,Passanger Car
Bentley,Mulsanne,4-Door Sedan,Passanger Car
Bentley,Mulsanne Speed,4-Door Sedan,Passanger Car
Bmw,4 Series Gran,4-Door Sedan,Passanger Car
Bmw,6 Series Gt,4-Door Sedan,Passanger Car
Bmw,745e,4-Door Sedan,Passanger Car
Bmw,Alpina B7,4-Door Sedan,Passanger Car
Bmw,I8,2-Door Sedan,Passanger Car
Bmw,I8 Roadster,Coupe,Passanger Car
Bmw,M4,Coupe,Passanger Car
Buick,Regal,5-Door Hatchback,Passanger Car
Buick,Regal Tourx,Station Wagon,Passanger Car
Cadillac,Ct6,4-Door Sedan,Passanger Car
Cadillac,Ct6-v,4-Door Sedan,Passanger Car
Chevrolet,Express Passenger 2500,Passenger Van,Mpv/bus
Chevrolet,Express Passenger 3500 12 Pass,Passenger Van,Mpv/bus
Chevrolet,Express Passenger 3500 15 Pass,Passenger Van,Mpv/bus
Chevrolet,Impala,4-Door Sedan,Passanger Car
Chevrolet,Sonic,4-Door Sedan,Passanger Car
Chevrolet,Sonic,5-Door Hatchback,Passanger Car
Chevrolet,Suburban 1500,Suv,Mpv
Dodge,Grand Caravan,Mini Van,Mpv
Dodge,Journey,Suv,Mpv
Fiat,124 Spider,Coupe,Mpv
Fiat,500l,5-Door Hatchback,Mpv
Ford,Explorer Phev,Suv,Mpv
Ford,F-150 Supercab,Extended Cab Pickup,Truck
Ford,F-150 Supercab Diesel,Extended Cab Pickup,Truck
Ford,F-250 Supercab,Extended Cab Pickup,Truck
Ford,Fusion,4-Door Sedan,Passanger Car
Ford,Fusion Energi,4-Door Sedan,Passanger Car
Ford,Fusion Hev,4-Door Sedan,Passanger Car
Ford,Mustang Gt350r,2-Door Sedan,Passanger Car
Ford,Ranger,Extended Cab Pickup,Truck
Ford,Ranger,Crew Cab Pickup,Truck
Ford,"Transit High Roof (8,10,12) Pass",Station Wagon,Truck
Ford,Transit High Roof 15 Pass,Station Wagon,Truck
Ford,"Transit Medium Roof (8,10,12) Pass",Station Wagon,Truck
Ford,Transit Medium Roof 15 Pass,Station Wagon,Truck
Freightliner,Sprinter 1500 12 Passenger Van,Passenger Van,Mpv
Freightliner,Sprinter 2500 Cargo Van,Cargo Van,Truck
Freightliner,Sprinter 2500 Cargo Van Diesel,Cargo Van,Truck
Freightliner,Sprinter 2500 Crew Van,Passenger Van,Truck
Freightliner,Sprinter 2500 Crew Van Diesel,Passenger Van,Truck
Genesis,G80 Sport,4-Door Sedan,Passanger Car
Gmc,Savana Passenger 2500,Passenger Van,Mpv/bus
Gmc,Savana Passenger 3500 12 Pass,Passenger Van,Mpv/bus
Gmc,Savana Passenger 3500 15 Pass,Passenger Van,Mpv/bus
Honda,Civic,2-Door Sedan,Passanger Car
Honda,Civic Si,2-Door Sedan,Passanger Car
Honda,Civic Si,4-Door Sedan,Passanger Car
Honda,Fit,5-Door Hatchback,Passanger Car
Hyundai,Elantra Gt,5-Door Hatchback,Passanger Car
Hyundai,Ioniq Electric,4-Door Sedan,Passanger Car
Jaguar,Xf Sportbrake,5-Door Hatchback,Passanger Car
Kia,Cadenza,4-Door Sedan,Passanger Car
Kia,K900,4-Door Sedan,Passanger Car
Kia,Optima,4-Door Sedan,Passanger Car
Kia,Optima Hybrid,4-Door Sedan,Passanger Car
Kia,Optima Plug-in Hybrid,4-Door Sedan,Passanger Car
Kia,Sedona,Passenger Van,Mpv
Kia,Soul Electric,Suv,Mpv
Lexus,Gs 350,4-Door Sedan,Passanger Car
Lexus,Gs F,4-Door Sedan,Passanger Car
Lexus,Nx300,Suv,Mpv
Lexus,Nx300h,Suv,Mpv
Lincoln,Continental,4-Door Sedan,Passanger Car
Lincoln,Mkz,4-Door Sedan,Passanger Car
Lincoln,Mkz Hev,4-Door Sedan,Passanger Car
Mercedes,Eqc-class,Station Wagon,Mpv
Mercedes,Glc-class Hybrid,Suv,Mpv
Mercedes,Gt Class,2-Door Sedan,Passanger Car
Mercedes,Gt Class Cabriolet,Coupe,Passanger Car
Mercedes,Slc-class,Coupe,Passanger Car
Mercedes,Sprinter 1500 12 Passenger,Passenger Van,Mpv
Mercedes,Sprinter 2500 Cargo,Cargo Van,Truck
Mercedes,Sprinter 2500 Cargo Diesel,Cargo Van,Truck
Mercedes,Sprinter 2500 Crew,Passenger Van,Truck
Mercedes,Sprinter 2500 Crew Diesel,Passenger Van,Truck
Nissan,370z,2-Door Sedan,Passanger Car
Nissan,Nv3500 Passenger Van,Passenger Van,Bus
Nissan,Titan,Extended Cab Pickup,Truck
Nissan,Titan,Crew Cab Pickup,Truck
Nissan,Titan Xd,Crew Cab Pickup,Truck
Porsche,718 Boxster 6,Coupe,Passanger Car
Porsche,718 Boxster Gts,Coupe,Passanger Car
Porsche,718 Cayman 6,2-Door Sedan,Passanger Car
Porsche,718 Cayman Gts,2-Door Sedan,Passanger Car
Porsche,911 Turbo S,Coupe,Passanger Car
Porsche,Cayenne Coupe E-hybrid,Suv,Mpv
Porsche,Cayenne Coupe S,Suv,Mpv
Porsche,Cayenne Coupe Turbo,Suv,Mpv
Porsche,Cayenne Coupe Turbo S E-hybrid,Suv,Mpv
Porsche,Panamera 4 E-hybrid,5-Door Hatchback,Passanger Car
Porsche,Panamera 4 E-hybrid Executive,5-Door Hatchback,Passanger Car
Porsche,Panamera 4s,5-Door Hatchback,Passanger Car
Porsche,Panamera 4s Executive,5-Door Hatchback,Passanger Car
Porsche,Panamera Turbo,5-Door Hatchback,Passanger Car
Porsche,Panamera Turbo Executive,5-Door Hatchback,Passanger Car
Porsche,Panamera Turbo S E-hybrid,5-Door Hatchback,Passanger Car
Porsche,Panamera Turbo S E-hybrid Executive,5-Door Hatchback,Passanger Car
Porsche,Panamera Turbo Sport Turismo,Station Wagon,Passanger Car
Porsche,Taycan 4s,4-Door Sedan,Mpv
Porsche,Taycan 4s With Performance Pack,4-Door Sedan,Mpv
Porsche,Taycan Turbo,4-Door Sedan,Mpv
Porsche,Taycan Turbo S,4-Door Sedan,Mpv
Tesla,Model X (all Variants 5-seat),Suv,Mpv
Tesla,Model X (all Variants 6-seat),Suv,Mpv
Tesla,Model X (all Variants 7psgr),Suv,Mpv
Tesla,Model Y,Suv,Mpv
Toyota,86,2-Door Sedan,Passanger Car
Toyota,Corolla,5-Door Hatchback,Passanger Car
Toyota,Prius C,5-Door Hatchback,Passanger Car
Toyota,Yaris,4-Door Sedan,Passanger Car
Toyota,Yaris Hatchback,5-Door Hatchback,Passanger Car
Volkswagen,Egolf,4-Door Sedan,Passanger Car
Acura,Rlx Sport Hybrid,4-Door Sedan,Passanger Car
Alfa Romeo,4c,Coupe,Passanger Car
Alfa Romeo,4c Spider,Coupe,Passanger Car
Alfa Romeo,Giulia,4-Door Sedan,Passanger Car
Alfa Romeo,Giulia Quadrifoglio,4-Door Sedan,Passanger Car
Alfa Romeo,Stelvio,Suv,Mpv
Alfa Romeo,Stelvio Quadrifoglio,Suv,Mpv
Audi,A3,Coupe,Passanger Car
Audi,A3 Sportback,5-Door Hatchback,Passanger Car
Audi,A5,Coupe,Passanger Car
Audi,Rs3,4-Door Sedan,Passanger Car
Audi,Rs5,2-Door Sedan,Passanger Car
Audi,Rs5 Sportback,4-Door Sedan,Passanger Car
Audi,S5,Coupe,Passanger Car
Audi,Ttrs,2-Door Sedan,Passanger Car
Bentley,Bentayga,Suv,Mpv
Bentley,Continental Gt V8 S,Coupe,Passanger Car
Bentley,Continental Supersports,Coupe,Passanger Car
Bentley,Flying Spur V8 S,4-Door Sedan,Passanger Car
Bentley,Flying Spur W12 S,4-Door Sedan,Passanger Car
Bmw,3 Series,Station Wagon,Passanger Car
Bmw,3 Series Gt,5-Door Hatchback,Passanger Car
Bmw,4 Series,4-Door Sedan,Passanger Car
Bmw,6 Series,4-Door Sedan,Passanger Car
Bmw,6 Series Gt,5-Door Hatchback,Passanger Car
Bmw,740e,4-Door Sedan,Passanger Car
Bmw,Alpina B6,4-Door Sedan,Passanger Car
Bmw,M2,2-Door Sedan,Passanger Car
Bmw,M6,4-Door Sedan,Passanger Car
Buick,Cascada,Coupe,Passanger Car
Buick,Lacrosse,4-Door Sedan,Passanger Car
Buick,Lacrosse Hybrid,4-Door Sedan,Passanger Car
Cadillac,Ats,2-Door Sedan,Passanger Car
Cadillac,Ats-v,2-Door Sedan,Passanger Car
Cadillac,Ats-v,4-Door Sedan,Passanger Car
Cadillac,Cts,4-Door Sedan,Passanger Car
Cadillac,Cts-v,4-Door Sedan,Passanger Car
Cadillac,Xts,4-Door Sedan,Passanger Car
Chevrolet,Cruze,4-Door Sedan,Passanger Car
Chevrolet,Cruze,5-Door Hatchback,Passanger Car
Chevrolet,Express Cargo G2500,Cargo Van,Truck
Chevrolet,Express Cargo G3500,Cargo Van,Truck
Chevrolet,Express Passenger G2500,Passenger Van,Mpv/bus
Chevrolet,Express Passenger G3500 12 Pass,Passenger Van,Mpv/bus
Chevrolet,Express Passenger G3500 15 Pass,Passenger Van,Mpv/bus
Chevrolet,Malibu Hybrid,4-Door Sedan,Passanger Car
Chevrolet,Silverado 3500,Crew Cab Pickup,Truck
Chevrolet,Silverado 3500,Regular Cab Pickup,Truck
Chevrolet,Silverado Ld 1500,Extended Cab Pickup,Truck
Chevrolet,Volt,5-Door Hatchback,Passanger Car
Chrysler,Pacifica Phev,Mini Van,Mpv
Dodge,Challenger Srt Scatpack,2-Door Sedan,Passanger Car
Dodge,Grand Caravan,Passenger Van,Mpv
Fiat,124 Spider,Coupe,Passanger Car
Fiat,500,3-Door Hatchback,Passanger Car
Fiat,500 Abarth,3-Door Hatchback,Passanger Car
Fiat,500 Abarth Cabrio,3-Door Hatchback,Passanger Car
Fiat,500 Bev,3-Door Hatchback,Passanger Car
Fiat,500 Cabrio,3-Door Hatchback,Passanger Car
Ford,Ecosport,Suv,Passanger Car
Ford,Expedition El,Extended Suv,Mpv
Ford,F-350 Crew,Crew Cab Pickup,Truck
Ford,F-350 Supercab,Extended Cab Pickup,Truck
Ford,Fiesta,4-Door Sedan,Passanger Car
Ford,Fiesta,5-Door Hatchback,Passanger Car
Ford,Flex,Suv,Mpv
Ford,Taurus,4-Door Sedan,Passanger Car
Ford,"Transit High Roof(8,10,12) Pass",Station Wagon,Truck
Ford,"Transit Low Roof(8,10,12) Pass",Station Wagon,Truck
Ford,"Transit Medium Roof(8,10,12) Pass",Station Wagon,Truck
Freightliner,Sprinter 1500,Cargo Van,Mpv
Freightliner,Sprinter 2500 12 Passenger,Passenger Van,Mpv
Freightliner,Sprinter 2500 15 Passenger,Passenger Van,Mpv
Gmc,Savana Cargo G2500,Cargo Van,Truck
Gmc,Savana Cargo G3500,Cargo Van,Truck
Gmc,Sierra 3500,Regular Cab Pickup,Truck
Gmc,Sierra 3500,Crew Cab Pickup,Truck
Gmc,Sierra Limited 1500,Extended Cab Pickup,Truck
Gmc,Yukon Xl 1500,Suv,Mpv
Honda,Clarity Electric,4-Door Sedan,Passanger Car
Hyundai,Ioniq Plug-in,4-Door Sedan,Passanger Car
Hyundai,Santa Fe Xl,Suv,Mpv
Hyundai,Sonata Plug-in,4-Door Sedan,Passanger Car
Infiniti,Q70,4-Door Sedan,Passanger Car
Infiniti,Q70l,4-Door Sedan,Passanger Car
Infiniti,Qx30,Suv,Mpv
Jaguar,F-type,Coupe,Passanger Car
Jaguar,I-pace,5-Door Hatchback,Mpv
Jaguar,Xf Sportbrake,Station Wagon,Passanger Car
Jaguar,Xj,4-Door Sedan,Passanger Car
Kia,Soul Ev,Suv,Mpv
Land Rover,Discovery Sport (5 Seat),Suv,Mpv
Land Rover,Discovery Sport (7 Seat),Suv,Mpv
Land Rover,Range Rover Sport (5 Seat),Suv,Mpv
Land Rover,Range Rover Sport (7 Seat),Suv,Mpv
Lexus,Gs300,4-Door Sedan,Passanger Car
Lexus,Gs350,4-Door Sedan,Passanger Car
Lexus,Gx460,Suv,Mpv
Lexus,Is300,4-Door Sedan,Passanger Car
Lexus,Is350,4-Door Sedan,Passanger Car
Lexus,Lx570,Suv,Mpv
Lexus,Rx350,Suv,Mpv
Lexus,Rx350l,Suv,Mpv
Lexus,Rx450h,Suv,Mpv
Lexus,Rx450hl,Suv,Mpv
Lincoln,Mkc,Suv,Mpv
Lincoln,Mkt,Suv,Mpv
Lincoln,Navigator El,Extended Suv,Mpv
Maserati,Ghibli,4-Door Sedan,Passanger Car
Maserati,Gran Turismo,Coupe,Passanger Car
Maserati,Levante,Suv,Mpv
Maserati,Quattroporte,4-Door Sedan,Passanger Car
Mazda,Cx-3,Suv,Mpv
Mercedes,Amg Gla45,Station Wagon,Passanger Car
Mercedes,Glc350e,Suv,Mpv
Mercedes,S560e,4-Door Sedan,Passanger Car
Mercedes,Sprinter 1500,Cargo Van,Mpv
Mercedes,Sprinter 2500 Cargo Van,Cargo Van,Truck
Mercedes,Sprinter 2500 Crew Van,Passenger Van,Truck
Mini,Countryman,5-Door Hatchback,Passanger Car
Mini,Countryman Se,5-Door Hatchback,Passanger Car
Nissan,370z Roadster,Coupe,Passanger Car
Nissan,Rogue Hybrid,Suv,Mpv
Nissan,Rogue Sport,Suv,Mpv
Nissan,Sentra Nismo,4-Door Sedan,Passanger Car
Nissan,Sentra Sr Turbo,4-Door Sedan,Passanger Car
Nissan,Titan,Regular Cab Pickup,Truck
Nissan,Titan Xd,Extended Cab Pickup,Truck
Nissan,Titan Xd,Regular Cab Pickup,Truck
Nissan,Versa Note,5-Door Hatchback,Passanger Car
Nissan,Versa Note Sr,5-Door Hatchback,Passanger Car
Porsche,911 Gt2 Rs,2-Door Sedan,Passanger Car
Porsche,911 Speedster,Coupe,Passanger Car
Porsche,911 Turbo S Cabriolet Exclusive Series,Coupe,Passanger Car
Porsche,991 Gt3 Rs,2-Door Sedan,Passanger Car
Porsche,Macan,Suv,Mpv
Porsche,Panamera 4 E-hybrid Sport Turismo,5-Door Hatchback,Passanger Car
Porsche,Panamera 4 Sport Turismo,5-Door Hatchback,Passanger Car
Porsche,Panamera 4s Sport Turismo,5-Door Hatchback,Passanger Car
Porsche,Panamera Gts Sport Turismo,5-Door Hatchback,Passanger Car
Porsche,Panamera Turbo S E-hybrid Sport Turismo,5-Door Hatchback,Passanger Car
Porsche,Panamera Turbo Sport Turismo,5-Door Hatchback,Passanger Car
Smart,Electric Cabrio,Coupe,Passanger Car
Smart,Electric Coupe,2-Door Sedan,Passanger Car
Sti,S209,4-Door Sedan,Passanger Car
Tesla,Model S 60d,5-Door Hatchback,Passanger Car
Tesla,Model S 75d,5-Door Hatchback,Passanger Car
Tesla,Model S 90d,5-Door Hatchback,Passanger Car
Tesla,Model S P100d,5-Door Hatchback,Passanger Car
Tesla,Model S P90d,5-Door Hatchback,Passanger Car
Tesla,Model X 60d,Suv,Mpv
Tesla,Model X 75d,Suv,Mpv
Tesla,Model X 90d,Suv,Mpv
Tesla,Model X P100d,Suv,Mpv
Tesla,Model X P90d,Suv,Mpv
Toyota,Yaris,3-Door Hatchback,Passanger Car
Toyota,Yaris,5-Door Hatchback,Passanger Car
Toyota,Yaris Ia,4-Door Sedan,Passanger Car
Volkswagen,Alltrack,Station Wagon,Passanger Car
Volkswagen,Beetle,2-Door Sedan,Passanger Car
Volkswagen,Beetle,Coupe,Passanger Car
Volkswagen,E-golf,4-Door Sedan,Passanger Car
Volkswagen,Golf Sportwagen,Station Wagon,Passanger Car
Volvo,S90 T5,4-Door Sedan,Passanger Car
Volvo,V60 Cc T5,Station Wagon,Mpv
Volvo,V90 Cc T5,Station Wagon,Mpv
Volvo,V90 Cc T6,Station Wagon,Mpv
Alfa Romeo,4c,2-Door Sedan,Passanger Car
Audi,A3 Sportback E-tron,5-Door Hatchback,Passanger Car
Audi,Rs7,4-Door Sedan,Passanger Car
Audi,Tt,Coupe,Passanger Car
Bentley,Bentayga,2-Door Sedan,Mpv
Bmw,3 Series Phev,4-Door Sedan,Passanger Car
Bmw,5 Series Phev,4-Door Sedan,Passanger Car
Bmw,6 Series,Coupe,Passanger Car
Bmw,7 Series Phev,4-Door Sedan,Passanger Car
Bmw,M6,Coupe,Passanger Car
Bmw,X5 Phev,Suv,Mpv
Cadillac,Ats,4-Door Sedan,Passanger Car
Cadillac,Ct6 Phev,4-Door Sedan,Passanger Car
Chevrolet,Bolt,5-Door Hatchback,Passanger Car
Chevrolet,Malibu Hev,4-Door Sedan,Passanger Car
Chevrolet,Silverado 1500,Crew Cab Pickup,Truck
Chevrolet,Silverado 3500,Extended Cab Pickup,Truck
Dodge,Challenger Srt Demon,2-Door Sedan,Passanger Car
Ford,Cmax Hev,5-Door Hatchback,Passanger Car
Ford,Focus,5-Door Hatchback,Passanger Car
Ford,Focus,4-Door Sedan,Passanger Car
Ford,Focus Bev,5-Door Hatchback,Passanger Car
Ford,Focus Rs,5-Door Hatchback,Passanger Car
Gmc,Sierra 1500,Crew Cab Pickup,Truck
Gmc,Sierra 3500,Extended Cab Pickup,Truck
Honda,Civic,5-Door Hatchback,Passanger Car
Honda,Civic Type R,5-Door Hatchback,Passanger Car
Honda,Clarity Plug-in,4-Door Sedan,Passanger Car
Hyundai,Ioniq Electric,5-Door Hatchback,Passanger Car
Hyundai,Ioniq Hybrid,5-Door Hatchback,Passanger Car
Hyundai,Ioniq Plug-in,5-Door Hatchback,Passanger Car
Hyundai,Santa Fe Sport,Suv,Mpv
Infiniti,Q50 Hybrid,4-Door Sedan,Passanger Car
Infiniti,Q70 Hybrid,4-Door Sedan,Passanger Car
Infiniti,Qx30,Station Wagon,Passanger Car
Jaguar,Xf Sportbrake,4-Door Sedan,Passanger Car
Jaguar,Xj (lwb),4-Door Sedan,Passanger Car
Jaguar,Xj (swb),4-Door Sedan,Passanger Car
Jeep,Wrangler Jk,Suv,Mpv
Jeep,Wrangler Unlimited Jk,Suv,Mpv
Kia,Forte5,5-Door Hatchback,Passanger Car
Land Rover,Range Rover (lwb),Suv,Mpv
Land Rover,Range Rover (swb),Suv,Mpv
Land Rover,Range Rover Evoque (5-Door),Suv,Mpv
Land Rover,Range Rover Evoque (convertible),Suv,Mpv
Lexus,Es300h,4-Door Sedan,Passanger Car
Lexus,Es350,4-Door Sedan,Passanger Car
Lexus,Gs450h,4-Door Sedan,Passanger Car
Lincoln,Mkx,Suv,Mpv
Maserati,Gran Turismo,2-Door Sedan,Passanger Car
Mercedes,C-class,Coupe,Passanger Car
Mercedes,E-class,Coupe,Passanger Car
Mercedes,Gla-class,4-Door Sedan,Passanger Car
Mercedes,Glc-class Phev,Suv,Mpv
Mercedes,Gle-class Coupe,4-Door Sedan,Passanger Car
Mercedes,Gle-class Phev,Suv,Mpv
Mercedes,Gt-class,Coupe,Passanger Car
Mercedes,Gt-class,2-Door Sedan,Passanger Car
Mercedes,S-class,Coupe,Passanger Car
Mercedes,S-class,Coupe,Passanger Car
Mercedes,S-class Coupe,2-Door Sedan,Passanger Car
Nissan,Sentra Turbo,4-Door Sedan,Passanger Car
Porsche,718 Cayman,3-Door Hatchback,Passanger Car
Porsche,718 Cayman S,3-Door Hatchback,Passanger Car
Porsche,Cayenne Platinum,Suv,Mpv
Porsche,Cayenne S E-hybrid Platinum,Suv,Mpv
Porsche,Cayenne Turbo S,Suv,Mpv
Porsche,Macan Turbo With Performance,Suv,Mpv
Ram,1500,Regular Cab Pickup,Truck
Rolls-royce,Dawn,2-Door Sedan,Passanger Car
Smart,Electric Fortwo,2-Door Sedan,Passanger Car
Tesla,Model X 60d,Suv,Passanger Car
Tesla,Model X 75d,Suv,Passanger Car
Tesla,Model X 90d,Suv,Passanger Car
Tesla,Model X P100d,Suv,Passanger Car
Tesla,Model X P90d,Suv,Passanger Car
Toyota,Corolla Im,5-Door Hatchback,Passanger Car
Volkswagen,Tiguan Ltd,Suv,Mpv
Volvo,S60,4-Door Sedan,Passanger Car
Volvo,S60cc,4-Door Sedan,Passanger Car
Volvo,S60i,4-Door Sedan,Passanger Car
Volvo,V60,Station Wagon,Passanger Car
Volvo,V60 Cc,Station Wagon,Mpv
Volvo,V90 Cc,Station Wagon,Mpv
Acura,Mdx Sport Hybrid,Suv,Mpv
Audi,Allroad,Station Wagon,Mpv
Bentley,Continental Gt V8 S,2-Door Sedan,Passanger Car
Bentley,Mulsanne Extended,4-Door Sedan,Passanger Car
Bmw,5 Series Gt,5-Door Hatchback,Passanger Car
Bmw,6 Series,2-Door Sedan,Passanger Car
Bmw,I3,5-Door Hatchback,Passanger Car
Bmw,I3 Phev,5-Door Hatchback,Passanger Car
Bmw,I8 Phev,2-Door Sedan,Passanger Car
Bmw,M6,2-Door Sedan,Passanger Car
Buick,Regal,4-Door Sedan,Passanger Car
Buick,Verano,4-Door Sedan,Passanger Car
Cadillac,Ct6 Hybrid,4-Door Sedan,Passanger Car
Chevrolet,Bolt,4-Door Sedan,Passanger Car
Chevrolet,Caprice Ppv,4-Door Sedan,Passanger Car
Chevrolet,Malibu Eco,4-Door Sedan,Passanger Car
Chevrolet,Ss,4-Door Sedan,Passanger Car
Chrysler,200,4-Door Sedan,Passanger Car
Dodge,Viper,2-Door Sedan,Passanger Car
Fiat,500e Bev,3-Door Hatchback,Passanger Car
Ford,Cmax Energi,5-Door Hatchback,Passanger Car
Ford,F-150 Crew Cab,Crew Cab Pickup,Truck
Ford,F-350 Super Crew,Crew Cab Pickup,Truck
Ford,Transit High Roof,Station Wagon,Truck
Gmc,Acadia Denali,Suv,Mpv
Gmc,Acadia Limited,Suv,Mpv
Gmc,Yukon Denali,Suv,Mpv
Gmc,Yukon Denali Xl 1500,Suv,Mpv
Honda,Accord,2-Door Sedan,Passanger Car
Hyundai,Accent 5,5-Door Hatchback,Passanger Car
Hyundai,Azera,4-Door Sedan,Passanger Car
Hyundai,Tucson Fuel Cell,Suv,Mpv
Hyundai,Veloster,3-Door Hatchback,Passanger Car
Infiniti,Qx50,Station Wagon,Passanger Car
Infiniti,Qx60 Hybrid,Suv,Mpv
Infiniti,Qx70,Suv,Mpv
Jeep,Patriot,Suv,Mpv
Kia,Forte Koup,2-Door Sedan,Passanger Car
Land Rover,Range Rover Evoque (3-Door),Suv,Mpv
Lexus,Ct200h,5-Door Hatchback,Passanger Car
Lexus,Gs200t,4-Door Sedan,Passanger Car
Lexus,Is200t,4-Door Sedan,Passanger Car
Lexus,Ls460,4-Door Sedan,Passanger Car
Lexus,Ls460l,4-Door Sedan,Passanger Car
Lexus,Nx200t,Suv,Mpv
Lexus,Rc200t,2-Door Sedan,Passanger Car
Lexus,Rc300,2-Door Sedan,Passanger Car
Lexus,Rc350,2-Door Sedan,Passanger Car
Lincoln,Navigator,Extended Suv,Mpv
Mercedes,Amg Gt S,2-Door Sedan,Passanger Car
Mercedes,B-class E-cell,4-Door Sedan,Passanger Car
Mercedes,C-class Hybrid,4-Door Sedan,Passanger Car
Mercedes,Cl-class,2-Door Sedan,Passanger Car
Mercedes,Glc-class,Suv,Passanger Car
Mercedes,Glc-class Coupe,4-Door Sedan,Passanger Car
Mercedes,Gle-class Hybrid,Suv,Mpv
Mini,Clubman All4,5-Door Hatchback,Passanger Car
Mitsubishi,Imiev,5-Door Hatchback,Passanger Car
Mitsubishi,Lancer,4-Door Sedan,Passanger Car
Nissan,Juke,Suv,Mpv
Nissan,Leaf Bev,5-Door Hatchback,Passanger Car
Porsche,Cayenne Diesel,Suv,Mpv
Porsche,Cayenne Diesel Platinum,Suv,Mpv
Rolls-royce,Phantom,2-Door Sedan,Passanger Car
Rolls-royce,Phantom,Coupe,Passanger Car
Smart,Cabrio,Coupe,Passanger Car
Smart,Fortwo,2-Door Sedan,Passanger Car
Tesla,Model S 60,5-Door Hatchback,Passanger Car
Tesla,Model S 75,5-Door Hatchback,Passanger Car
Toyota,Prius V,Station Wagon,Passanger Car
Toyota,Scion Im,5-Door Hatchback,Passanger Car
Toyota,Tundra,Regular Cab Pickup,Truck
Volkswagen,Cc,4-Door Sedan,Passanger Car
Volkswagen,Golf Gti,2-Door Sedan,Passanger Car
Volkswagen,Touareg,Suv,Mpv
Volvo,S90 T5,Suv,Passanger Car
Volvo,S90 T6,Suv,Passanger Car
Volvo,V60 Cc,Station Wagon,Passanger Car
Volvo,Xc60,Suv,Mpv
Audi,A8 Nwb,4-Door Sedan,Passanger Car
Audi,Q5 Hev,Suv,Mpv
Buick,Lacrosse Eassist,4-Door Sedan,Passanger Car
Buick,Regal Eassist,4-Door Sedan,Passanger Car
Cadillac,Ats V-series,2-Door Sedan,Passanger Car
Cadillac,Elr,2-Door Sedan,Passanger Car
Cadillac,Srx,Suv,Mpv
Chevrolet,Cruze Limited,4-Door Sedan,Passanger Car
Chevrolet,Impala Eco Eassist,4-Door Sedan,Passanger Car
Chevrolet,Impala Limited,4-Door Sedan,Passanger Car
Chevrolet,Malibu Limited,4-Door Sedan,Passanger Car
Chevrolet,Spark Ev,5-Door Hatchback,Passanger Car
Chevrolet,Volt,4-Door Sedan,Passanger Car
Dodge,Dart,4-Door Sedan,Passanger Car
Ford,F-250 Super Crew,Crew Cab Pickup,Truck
Ford,Transit Connect,Station Wagon,Van
Ford,Transit High Roof,Station Wagon,Van
Ford,Transit Low Roof 15 Pass,Station Wagon,Van
Ford,"Transit Low Roof(8,10,12) Pass",Station Wagon,Van
Ford,Transit Medium Roof 15 Pass,Station Wagon,Van
Ford,"Transit Medium Roof(8,10,12) Pass",Station Wagon,Van
Honda,Cr-z,3-Door Hatchback,Passanger Car
Hyundai,Equus,4-Door Sedan,Passanger Car
Hyundai,Genesis,4-Door Sedan,Passanger Car
Hyundai,Genesis,2-Door Sedan,Passanger Car
Jeep,Wrangler,4-Door Sedan,Mpv
Jeep,Wrangler,2-Door Sedan,Mpv
Kia,Forte,5-Door Hatchback,Passanger Car
Land Rover,Lr4 (7 Seat),Suv,Mpv
Lexus,Ls600hl,4-Door Sedan,Passanger Car
Lincoln,Mks,4-Door Sedan,Passanger Car
Maserati,Granturismo,2-Door Sedan,Passanger Car
Maserati,Granturismo,Coupe,Passanger Car
Mercedes,E-class Cabrio,2-Door Sedan,Passanger Car
Mercedes,Gl-class,Suv,Mpv
Mercedes,Glc-class,4-Door Sedan,Passanger Car
Mercedes,Slk-class,Coupe,Passanger Car
Mini,Cooper Countryman,5-Door Hatchback,Passanger Car
Mini,Cooper Hardtop,3-Door Hatchback,Passanger Car
Mini,Cooper Hardtop,5-Door Hatchback,Passanger Car
Mini,Cooper Jcw Hardtop,3-Door Hatchback,Passanger Car
Mini,Cooper Paceman,3-Door Hatchback,Passanger Car
Mini,Cooper S Countryman,5-Door Hatchback,Passanger Car
Mini,Cooper S Countryman All4,5-Door Hatchback,Passanger Car
Mini,Cooper S Hardtop,3-Door Hatchback,Passanger Car
Mini,Cooper S Hardtop,5-Door Hatchback,Passanger Car
Mini,Cooper S Paceman,3-Door Hatchback,Passanger Car
Mini,Cooper S Paceman All4,3-Door Hatchback,Passanger Car
Mini,Jcw Countryman,5-Door Hatchback,Passanger Car
Mini,Jcw Paceman,3-Door Hatchback,Passanger Car
Porsche,Boxster,Coupe,Passanger Car
Porsche,Boxster Gts,Coupe,Passanger Car
Porsche,Boxster S,Coupe,Passanger Car
Porsche,Boxster Spyder,Coupe,Passanger Car
Porsche,Cayman,2-Door Sedan,Passanger Car
Porsche,Cayman Gt4,2-Door Sedan,Passanger Car
Porsche,Cayman Gts,2-Door Sedan,Passanger Car
Porsche,Cayman S,2-Door Sedan,Passanger Car
Porsche,Macan S Diesel,Suv,Mpv
Porsche,Panamera 4 Edition,5-Door Hatchback,Passanger Car
Porsche,Panamera Edition,5-Door Hatchback,Passanger Car
Porsche,Panamera Exclusive Series,5-Door Hatchback,Passanger Car
Porsche,Panamera S,5-Door Hatchback,Passanger Car
Porsche,Panamera S E-hybrid,5-Door Hatchback,Passanger Car
Smart,Coupe,2-Door Sedan,Passanger Car
Smart,Ed,2-Door Sedan,Passanger Car
Subaru,Crosstrek,Suv,Mpv
Subaru,Crosstrek Hybrid,Suv,Mpv
Tesla,Model S 70,5-Door Hatchback,Passanger Car
Tesla,Model S 70d,5-Door Hatchback,Passanger Car
Tesla,Model S 85,5-Door Hatchback,Passanger Car
Tesla,Model S 85d,5-Door Hatchback,Passanger Car
Tesla,Model S 90,5-Door Hatchback,Passanger Car
Tesla,Model S P85d,5-Door Hatchback,Passanger Car
Toyota,Scion Fr-s,2-Door Sedan,Passanger Car
Toyota,Scion Ia,4-Door Sedan,Passanger Car
Toyota,Scion Tc,3-Door Hatchback,Passanger Car
Toyota,Yaris Liftback,3-Door Hatchback,Passanger Car
Volkswagen,Eos,Coupe,Passanger Car
Volkswagen,Golf,2-Door Sedan,Passanger Car
Volkswagen,Jetta Hev,4-Door Sedan,Passanger Car
Volvo,S80,4-Door Sedan,Passanger Car
Volvo,Xc70,Station Wagon,Mpv
Acura,Ilx Hybrid,4-Door Sedan,Passanger Car
Audi,A8,4-Door Sedan,Passanger Car
Audi,Rs5,Coupe,Passanger Car
Audi,Tts Roadster,Coupe,Passanger Car
Bmw,228i Xdrive,2-Door Sedan,Passanger Car
Bmw,320i,4-Door Sedan,Passanger Car
Bmw,320i Xdrive,4-Door Sedan,Passanger Car
Bmw,328d,4-Door Sedan,Passanger Car
Bmw,328d Xdrive,Station Wagon,Passanger Car
Bmw,328d Xdrive,4-Door Sedan,Passanger Car
Bmw,328i,4-Door Sedan,Passanger Car
Bmw,328i Xdrive,Station Wagon,Passanger Car
Bmw,328i Xdrive,4-Door Sedan,Passanger Car
Bmw,328i Xdrive Gt,5-Door Hatchback,Passanger Car
Bmw,335i,4-Door Sedan,Passanger Car
Bmw,335i Xdrive,4-Door Sedan,Passanger Car
Bmw,335i Xdrive Gt,5-Door Hatchback,Passanger Car
Bmw,428i,4-Door Sedan,Passanger Car
Bmw,428i,2-Door Sedan,Passanger Car
Bmw,428i,Coupe,Passanger Car
Bmw,428i Xdrive,2-Door Sedan,Passanger Car
Bmw,428i Xdrive,4-Door Sedan,Passanger Car
Bmw,428i Xdrive,Coupe,Passanger Car
Bmw,435i,4-Door Sedan,Passanger Car
Bmw,435i,2-Door Sedan,Passanger Car
Bmw,435i,Coupe,Passanger Car
Bmw,435i Xdrive,4-Door Sedan,Passanger Car
Bmw,435i Xdrive,Coupe,Passanger Car
Bmw,435i Xdrive,2-Door Sedan,Passanger Car
Bmw,528i,4-Door Sedan,Passanger Car
Bmw,528i Xdrive,4-Door Sedan,Passanger Car
Bmw,535d,4-Door Sedan,Passanger Car
Bmw,535d Xdrive,4-Door Sedan,Passanger Car
Bmw,535i,4-Door Sedan,Passanger Car
Bmw,535i Gt,5-Door Hatchback,Passanger Car
Bmw,535i Xdrive,4-Door Sedan,Passanger Car
Bmw,535i Xdrive Gt,5-Door Hatchback,Passanger Car
Bmw,550i,4-Door Sedan,Passanger Car
Bmw,550i Gt,5-Door Hatchback,Passanger Car
Bmw,550i Xdrive,4-Door Sedan,Passanger Car
Bmw,550i Xdrive Gt,5-Door Hatchback,Passanger Car
Bmw,640i,2-Door Sedan,Passanger Car
Bmw,640i,4-Door Sedan,Passanger Car
Bmw,640i,Coupe,Passanger Car
Bmw,640i Xdrive,4-Door Sedan,Passanger Car
Bmw,640i Xdrive,2-Door Sedan,Passanger Car
Bmw,640i Xdrive,Coupe,Passanger Car
Bmw,650i,2-Door Sedan,Passanger Car
Bmw,650i,4-Door Sedan,Passanger Car
Bmw,650i,Coupe,Passanger Car
Bmw,650i Xdrive,4-Door Sedan,Passanger Car
Bmw,650xi,Coupe,Passanger Car
Bmw,650xi,2-Door Sedan,Passanger Car
Bmw,740i,4-Door Sedan,Passanger Car
Bmw,740ld Xdrive,4-Door Sedan,Passanger Car
Bmw,740li,4-Door Sedan,Passanger Car
Bmw,740li Xdrive,4-Door Sedan,Passanger Car
Bmw,750i,4-Door Sedan,Passanger Car
Bmw,750i Xdrive,4-Door Sedan,Passanger Car
Bmw,750li,4-Door Sedan,Passanger Car
Bmw,750li Xdrive,4-Door Sedan,Passanger Car
Bmw,760li,4-Door Sedan,Passanger Car
Bmw,Active Hybrid 3,4-Door Sedan,Passanger Car
Bmw,Active Hybrid 5,4-Door Sedan,Passanger Car
Bmw,Active Hybrid 7,4-Door Sedan,Passanger Car
Bmw,Alpina B6 Xdrive,4-Door Sedan,Passanger Car
Bmw,M235i,2-Door Sedan,Passanger Car
Bmw,X1 Sdrive28i,Suv,Passanger Car
Bmw,X1 Xdrive28i,Suv,Passanger Car
Bmw,X1 Xdrive35i,Suv,Passanger Car
Bmw,X3 Sdrive28i,Suv,Passanger Car
Bmw,X3 Xdrive28d,Suv,Passanger Car
Bmw,X3 Xdrive28i,Suv,Passanger Car
Bmw,X3 Xdrive35i,Suv,Passanger Car
Bmw,X4 Xdrive28i,Suv,Passanger Car
Bmw,X4 Xdrive35i,Suv,Passanger Car
Bmw,X5 Sdrive35i,Suv,Passanger Car
Bmw,X5 Xdrive35d,Suv,Passanger Car
Bmw,X5 Xdrive35i,Suv,Passanger Car
Bmw,X5 Xdrive50i,Suv,Passanger Car
Bmw,Z4 Sdrive28i,Coupe,Passanger Car
Bmw,Z4 Sdrive35i,Coupe,Passanger Car
Bmw,Z4 Sdrive35is,Coupe,Passanger Car
Cadillac,Cts-v,2-Door Sedan,Passanger Car
Chevrolet,Captiva,Suv,Mpv
Fiat,500c,3-Door Hatchback,Passanger Car
Fiat,500e,3-Door Hatchback,Passanger Car
Freightliner,Sprinter 2500 Cargo Van,Cargo Van,Truck
Freightliner,Sprinter 3500 Cargo Van,Cargo Van,Truck
Honda,Accord Plug In Hybrid,4-Door Sedan,Passanger Car
Honda,Civic Cng,4-Door Sedan,Passanger Car
Honda,Civic Hybrid,4-Door Sedan,Passanger Car
Honda,Crosstour,Suv,Mpv
Hyundai,Elantra,2-Door Sedan,Passanger Car
Infiniti,Q40,4-Door Sedan,Passanger Car
Infiniti,Q60,Coupe,Passanger Car
Jaguar,Xk,Coupe,Passanger Car
Jaguar,Xk,2-Door Sedan,Passanger Car
Land Rover,Lr2,Suv,Mpv
Lexus,Is250,4-Door Sedan,Passanger Car
Lexus,Is250c,Coupe,Passanger Car
Lexus,Is350c,Coupe,Passanger Car
Mazda,Mazda5,Station Wagon,Passanger Car
Mercedes,C-class Sab,4-Door Sedan,Passanger Car
Mercedes,Cl-class,2-Door Sedan,Passanger Car
Mercedes,E-class Hybrid,4-Door Sedan,Passanger Car
Mercedes,Glk-class,4-Door Sedan,Passanger Car
Mercedes,Ml-class,Suv,Mpv
Mercedes,Sprinter 2500 Cargo Van,Cargo Van,Truck
Mercedes,Sprinter 3500 Cargo Van,Cargo Van,Truck
Mini,Cooper,2-Door Sedan,Passanger Car
Mini,Cooper Convertible,Coupe,Passanger Car
Mini,Cooper Roadster,Coupe,Passanger Car
Mini,Cooper S,2-Door Sedan,Passanger Car
Mini,Cooper S,Coupe,Passanger Car
Mini,Cooper S Roadster,Coupe,Passanger Car
Mini,Jcw,2-Door Sedan,Passanger Car
Mini,Jcw,Coupe,Passanger Car
Mini,Jcw Roadster,Coupe,Passanger Car
Mitsubishi,Lancer Evolution,4-Door Sedan,Passanger Car
Nissan,Rogue Select,Suv,Mpv
Nissan,Xterra,Suv,Mpv
Porsche,918 Spyder,2-Door Sedan,Passanger Car
Porsche,Cayenee S,Suv,Mpv
Porsche,Cayenne,Suv,Passanger Car
Porsche,Panamera E-hybird,5-Door Hatchback,Passanger Car
Smart,Cabrio Ed,Coupe,Passanger Car
Srt,Challenger,2-Door Sedan,Passanger Car
Srt,Charger,4-Door Sedan,Passanger Car
Srt,Grand Cherokee,Suv,Mpv
Srt,Viper,2-Door Sedan,Passanger Car
Subaru,Xv Crosstrek,Suv,Mpv
Subaru,Xv Crosstrek Hybrid,Suv,Mpv
Tesla,Model S 60kwh,5-Door Hatchback,Passanger Car
Tesla,Model S 85kwh,5-Door Hatchback,Passanger Car
Tesla,Model X 5 Pass,Suv,Passanger Car
Tesla,Model X 7 Pass,Suv,Passanger Car
Toyota,Prius Plug-in Hybrid,5-Door Hatchback,Passanger Car
Toyota,Scion Iq,3-Door Hatchback,Passanger Car
Toyota,Scion Xb,Station Wagon,Mpv
Toyota,Venza,Suv,Mpv
Volkswagen,Touareg Hybrid,Suv,Mpv
Acura,Tl,4-Door Sedan,Passanger Car
Acura,Tsx,4-Door Sedan,Passanger Car
Acura,Tsx Sport Wagon,Station Wagon,Passanger Car
Audi,Rs5 Cabrio,Coupe,Passanger Car
Bentley,Continental Gtc,Coupe,Passanger Car
Bentley,Continental Gtc V8,Coupe,Passanger Car
Bmw,128i,Coupe,Passanger Car
Bmw,135i,Coupe,Passanger Car
Bmw,135is,Coupe,Passanger Car
Bmw,328i Xdrive,Station Wagon,Mpv
Bmw,535i Gt,4-Door Sedan,Passanger Car
Bmw,535i Xdrive Gt,4-Door Sedan,Passanger Car
Bmw,550i Gt,4-Door Sedan,Passanger Car
Bmw,550i Xdrive Gt,4-Door Sedan,Passanger Car
Bmw,Active Hybrid 535i,4-Door Sedan,Passanger Car
Bmw,X1 Sdrive28i,Suv,Mpv
Bmw,X1 Xdrive28i,Suv,Mpv
Bmw,X1 Xdrive35i,Suv,Mpv
Bmw,X3 Xdrive28i,Suv,Mpv
Bmw,X3 Xdrive35i,Suv,Mpv
Bmw,X5 Sdrive35i,Suv,Mpv
Bmw,X5 Xdrive35d,Suv,Mpv
Bmw,X5 Xdrive35i,Suv,Mpv
Bmw,X5 Xdrive50i,Suv,Mpv
Bmw,X6 Xdrive35i,Suv,Mpv
Bmw,X6 Xdrive50i,Suv,Mpv
Cadillac,Cts,Station Wagon,Passanger Car
Cadillac,Cts,2-Door Sedan,Passanger Car
Chevrolet,Malibu Eco Eassist,4-Door Sedan,Passanger Car
Chrysler,200,Coupe,Passanger Car
Dodge,Avenger,4-Door Sedan,Passanger Car
Fiat,500l,5-Door Hatchback,Passanger Car
Ford,E-150,Station Wagon,Mpv
Ford,Expedition,Extended Suv,Mpv
Ford,F-350 Super Crew,Crew Cab Pickup,Truck
Freightliner,Sprinter 3500 Cab Chassis,Cab Chassis,Mpv
Honda,Fcx,4-Door Sedan,Passanger Car
Honda,Fit Ev,5-Door Hatchback,Passanger Car
Honda,Insight,5-Door Hatchback,Passanger Car
Infiniti,Qx50,Station Wagon,Mpv
Land Rover,Lr4 (5 Seat),Suv,Mpv
Lexus,Is F,4-Door Sedan,Passanger Car
Mercedes,Cls-class,2-Door Sedan,Passanger Car
Mercedes,Sls Amg,2-Door Sedan,Passanger Car
Mercedes,Sls Amg,Coupe,Passanger Car
Mercedes,Sprinter 3500 Cab Chassis,Cab Chassis,Mpv
Mini,Cooper Clubman,Station Wagon,Passanger Car
Mini,Cooper Coupe,2-Door Sedan,Passanger Car
Mini,Cooper S Clubman,Station Wagon,Passanger Car
Mini,Cooper S Convertible,Coupe,Passanger Car
Mini,Cooper S Coupe,2-Door Sedan,Passanger Car
Mini,Jcw Clubman,Station Wagon,Passanger Car
Mini,Jcw Convertible,Coupe,Passanger Car
Mini,Jcw Countryman All4,5-Door Hatchback,Passanger Car
Mini,Jcw Coupe,2-Door Sedan,Passanger Car
Mitsubishi,Lancer Sportback,5-Door Hatchback,Passanger Car
Nissan,Murano Crosscabriolet,Suv,Mpv
Nissan,Pathfinder Hybrid,Suv,Mpv
Porsche,918 Cabriolet,Coupe,Passanger Car
Srt,300,4-Door Sedan,Passanger Car
Subaru,Impreza Wrx,Station Wagon,Mpv
Subaru,Impreza Wrx,4-Door Sedan,Passanger Car
Subaru,Impreza Wrx/sti,Station Wagon,Passanger Car
Subaru,Impreza Wrx/sti,4-Door Sedan,Passanger Car
Subaru,Tribeca,Suv,Mpv
Suzuki,Grand Vitara,Suv,Mpv
Suzuki,Kizashi,4-Door Sedan,Passanger Car
Suzuki,Sx4,5-Door Hatchback,Passanger Car
Suzuki,Sx4,4-Door Sedan,Passanger Car
Toyota,Camry Hv,4-Door Sedan,Passanger Car
Toyota,Fj Cruiser,Suv,Mpv
Toyota,Highlander Hv,Suv,Mpv
Toyota,Landcruiser,Suv,Mpv
Toyota,Rav4 Ev,Suv,Mpv
Toyota,Scion Xd,5-Door Hatchback,Passanger Car
Toyota,Tacoma,Regular Cab Pickup,Truck
Volkswagen,Gti,2-Door Sedan,Passanger Car
Volkswagen,Gti,4-Door Sedan,Passanger Car
Volkswagen,Jetta Sportwagen,Station Wagon,Passanger Car
Volvo,Xc90,Suv,Mpv
Acura,Tsx Sport Wagon,Station Wagon,Passanger Car
Acura,Zdx,Suv,Mpv
Audi,Allroad,4-Door Sedan,Passanger Car
Bentley,Continental Flying Spur,4-Door Sedan,Passanger Car
Bmw,128i,2-Door Sedan,Passanger Car
Bmw,135i,2-Door Sedan,Passanger Car
Bmw,135is,2-Door Sedan,Passanger Car
Bmw,328i,Coupe,Passanger Car
Bmw,328i,2-Door Sedan,Passanger Car
Bmw,328i Xdrive,2-Door Sedan,Passanger Car
Bmw,335i,2-Door Sedan,Passanger Car
Bmw,335i,Coupe,Passanger Car
Bmw,335i Xdrive,2-Door Sedan,Passanger Car
Bmw,335is,2-Door Sedan,Passanger Car
Bmw,335is,Coupe,Passanger Car
Bmw,335is Hp,2-Door Sedan,Passanger Car
Bmw,335is Hp,Coupe,Passanger Car
Bmw,528xi,4-Door Sedan,Passanger Car
Bmw,640i Gran,2-Door Sedan,Passanger Car
Bmw,650i Gran,2-Door Sedan,Passanger Car
Bmw,650i Xdrive Gran,2-Door Sedan,Passanger Car
Bmw,Active Hybrid 740li,4-Door Sedan,Passanger Car
Bmw,M3,Coupe,Passanger Car
Bmw,M3,2-Door Sedan,Passanger Car
Bmw,X1 Sdrive28i,4-Door Sedan,Passanger Car
Bmw,X1 Xdrive28i,4-Door Sedan,Passanger Car
Bmw,X1 Xdrive35i,4-Door Sedan,Passanger Car
Cadillac,Escalade Ext,Suv,Mpv
Cadillac,Escalade Hybrid,Suv,Mpv
Chevrolet,Avalanche,Suv,Mpv
Chevrolet,Corvette Z06,2-Door Sedan,Passanger Car
Chevrolet,Corvette Zr1,2-Door Sedan,Passanger Car
Chevrolet,Silverado 1500 Hybrid,Crew Cab Pickup,Truck
Chevrolet,Suburban 2500,Suv,Mpv
Chevrolet,Tahoe Hybrid,Suv,Mpv
Coda,Coda,4-Door Sedan,Passanger Car
Fiat,500c,2-Door Sedan,Passanger Car
Fiat,Abarth,3-Door Hatchback,Passanger Car
Ford,E-150 Wagon,Station Wagon,Mpv
Ford,E-350,Station Wagon,Bus
Ford,F-350,Regular Cab Pickup,Truck
Ford,F-350,Extended Cab Pickup,Truck
Ford,Fusion Hybrid,4-Door Sedan,Passanger Car
Freightliner,Sprinter 2500,Cargo Van,Truck
Freightliner,Sprinter 3500,Cab Chassis,Mpv
Freightliner,Sprinter 3500,Cargo Van,Truck
Gmc,Sierra 1500 Hybrid,Crew Cab Pickup,Truck
Gmc,Yukon Denali Hybrid,Suv,Mpv
Gmc,Yukon Denali Xl 2500,Suv,Mpv
Gmc,Yukon Hybrid,Suv,Mpv
Gmc,Yukon Xl 2500,Suv,Mpv
Hyundai,Veloster,2-Door Sedan,Passanger Car
Infiniti,Ex37,Station Wagon,Passanger Car
Infiniti,Fx37,Suv,Mpv
Infiniti,Fx50,Suv,Mpv
Infiniti,G37,2-Door Sedan,Passanger Car
Infiniti,G37,4-Door Sedan,Passanger Car
Infiniti,G37,Coupe,Passanger Car
Infiniti,Jx,Suv,Mpv
Infiniti,M35 Hev,4-Door Sedan,Passanger Car
Infiniti,M37,4-Door Sedan,Passanger Car
Infiniti,M56,4-Door Sedan,Passanger Car
Infiniti,Qx56,Suv,Mpv
Kia,Forte 5,5-Door Hatchback,Passanger Car
Mercedes,E-class Wagon,Station Wagon,Mpv
Mercedes,Sprinter 2500,Cargo Van,Truck
Mercedes,Sprinter 3500,Cargo Van,Truck
Mercedes,Sprinter 3500,Cab Chassis,Mpv
Mini,Jcw Hardtop,3-Door Hatchback,Passanger Car
Mini,Jcw Paceman All4,3-Door Hatchback,Passanger Car
Nissan,Altima,2-Door Sedan,Passanger Car
Nissan,Gt-r,2-Door Sedan,Passanger Car
Nissan,Murano Cross,Coupe,Mpv
Porsche,Cayenne S Hybrid,Suv,Mpv
Porsche,Panamera S Hybrid,5-Door Hatchback,Passanger Car
Ram,1500 Crew,Crew Cab Pickup,Truck
Ram,1500 Quad,Extended Cab Pickup,Truck
Subaru,Xv Crosstrek,Station Wagon,Mpv
Suzuki,Equator,Extended Cab Pickup,Truck
Suzuki,Equator,Crew Cab Pickup,Truck
Toyota,Matrix,Station Wagon,Passanger Car
Toyota,Scion Iq Ev,3-Door Hatchback,Passanger Car
Volkswagen,Golf R,2-Door Sedan,Passanger Car
Volvo,C30,3-Door Hatchback,Passanger Car
Volvo,C70,Coupe,Passanger Car
Acura,Rl,4-Door Sedan,Passanger Car
Acura,Tsx V6,4-Door Sedan,Passanger Car
Audi,A4 Avant,Station Wagon,Passanger Car
Bentley,Continental Supersports,2-Door Sedan,Passanger Car
Bmw,328i,Station Wagon,Passanger Car
Bmw,Active Hybrid 750i,4-Door Sedan,Passanger Car
Bmw,Active Hybrid 750li,4-Door Sedan,Passanger Car
Bmw,Z4 Sdrive28i,2-Door Sedan,Passanger Car
Bmw,Z4 Sdrive35i,2-Door Sedan,Passanger Car
Bmw,Z4 Sdrive35is,2-Door Sedan,Passanger Car
Chevrolet,Chevrolet Caprice Ppv,4-Door Sedan,Passanger Car
Chevrolet,Colorado,Regular Cab Pickup,Truck
Dodge,Caliber,4-Door Sedan,Passanger Car
Fiat,500 Cabrio,Coupe,Passanger Car
Gmc,Canyon,Regular Cab Pickup,Truck
Honda,Accord V6,2-Door Sedan,Passanger Car
Honda,Accord V6,4-Door Sedan,Passanger Car
Hyundai,Accent,5-Door Hatchback,Passanger Car
Hyundai,Elantra Touring,5-Door Hatchback,Passanger Car
Hyundai,Veracruz,Suv,Mpv
Infiniti,Ex35,Station Wagon,Passanger Car
Infiniti,Fx35,Suv,Mpv
Infiniti,G25,4-Door Sedan,Passanger Car
Jeep,Liberty,Suv,Mpv
Lexus,Hs250h,4-Door Sedan,Passanger Car
Lexus,Lfa,2-Door Sedan,Passanger Car
Maybach,Maybach,4-Door Sedan,Passanger Car
Mazda,Cx-7,Suv,Mpv
Mercedes,B-class,4-Door Sedan,Passanger Car
Mercedes,E-class Cabriolet,2-Door Sedan,Passanger Car
Mercedes,R-class,Suv,Mpv
Mercedes,Sls Amg,2-Door Sedan,Passanger Car
Mini,Jcw Clubman,Station Wagon,Passanger Car
Mitsubishi,Eclipse,3-Door Hatchback,Passanger Car
Mitsubishi,Eclipse Spyder,Coupe,Passanger Car
Mitsubishi,Galant,4-Door Sedan,Passanger Car
Mitsubishi,Lancer,5-Door Hatchback,Passanger Car
Nissan,Versa,5-Door Hatchback,Passanger Car
Porsche,911 Carrera,Coupe,Passanger Car
Porsche,911 Carrera 4,Coupe,Passanger Car
Porsche,911 Carrera 4s,Coupe,Passanger Car
Porsche,911 Carrera S,Coupe,Passanger Car
Porsche,911 Gts,2-Door Sedan,Passanger Car
Porsche,911 Gts,Coupe,Passanger Car
Porsche,911 Gts 4,Coupe,Passanger Car
Porsche,911 Gts 4,2-Door Sedan,Passanger Car
Porsche,911 Turbo,Coupe,Passanger Car
Porsche,Cayman R,2-Door Sedan,Passanger Car
Saab,9-3,Station Wagon,Passanger Car
Saab,9-3,4-Door Sedan,Passanger Car
Saab,9-3,Coupe,Passanger Car
Saab,9-4x,Suv,Mpv
Saab,9-5,4-Door Sedan,Passanger Car
Saab,9-5,Station Wagon,Passanger Car
Smart,Fortwo Cabriolet,2-Door Sedan,Passanger Car
Smart,Fortwo Ed,2-Door Sedan,Passanger Car
Smart,Fortwo Ed Cabriolet,2-Door Sedan,Passanger Car
Toyota,Prius Plug-in,5-Door Hatchback,Passanger Car
Volkswagen,Jetta,Station Wagon,Passanger Car
Audi,A6 Avant,Station Wagon,Passanger Car
Audi,R8 Coupe,2-Door Sedan,Passanger Car
Audi,S4 Avant,Station Wagon,Passanger Car
Audi,S6 Avant,Station Wagon,Passanger Car
Audi,Tt Coupe,2-Door Sedan,Passanger Car
Bentley,Supersports Convertible,Coupe,Passanger Car
Bmw,335 Is,Coupe,Passanger Car
Bmw,335 Is,2-Door Sedan,Passanger Car
Bmw,335d,4-Door Sedan,Passanger Car
Bmw,528i,4-Door Sedan,Passanger Car
Bmw,750li Sedan,4-Door Sedan,Passanger Car
Bmw,Active Hybrid X6,Suv,Mpv
Bmw,Z4 Sdrive30i,2-Door Sedan,Passanger Car
Buick,Lucerne,4-Door Sedan,Passanger Car
Cadillac,Dts,4-Door Sedan,Passanger Car
Cadillac,Sts,4-Door Sedan,Passanger Car
Chevrolet,Aveo,4-Door Sedan,Passanger Car
Chevrolet,Aveo4,5-Door Hatchback,Passanger Car
Chevrolet,Hhr,Suv,Mpv
Chrysler,200,Convertible,Passanger Car
Dodge,Caliber,5-Door Hatchback,Passanger Car
Dodge,Dakota,Crew Cab Pickup,Truck
Dodge,Dakota,Extended Cab Pickup,Truck
Dodge,Nitro,Suv,Mpv
Ford,Crown Victoria,4-Door Sedan,Passanger Car
Ford,F-250,Regular Cab Pickup,Truck
Ford,F-250,Crew Cab Pickup,Truck
Ford,F-250,Extended Cab Pickup,Truck
Ford,Focus,2-Door Sedan,Passanger Car
Ford,Ranger,Regular Cab Pickup,Truck
Honda,Accord Crosstour,Suv,Mpv
Honda,Element,Suv,Mpv
Hyundai,Accent,3-Door Hatchback,Passanger Car
Hyundai,Elantra Touring,Station Wagon,Passanger Car
Jaguar,Xk Convertible,Coupe,Passanger Car
Jaguar,Xk Coupe,2-Door Sedan,Passanger Car
Kia,Borrego,Suv,Mpv
Kia,Borrego Lambda 3.8,Suv,Mpv
Kia,Forte,Station Wagon,Passanger Car
Kia,Rio,Station Wagon,Passanger Car
Kia,Rondo,4-Door Sedan,Passanger Car
Land Rover,Lr4,Suv,Mpv
Lexus,Gs460,4-Door Sedan,Passanger Car
Lincoln,Town Car,4-Door Sedan,Passanger Car
Mazda,Mazda 2,5-Door Hatchback,Passanger Car
Mazda,Rx-8,4-Door Sedan,Passanger Car
Mazda,Tribute,Suv,Mpv
Mazda,Tribute Hev,Suv,Mpv
Mercedes,B-class Fuel Cell,4-Door Sedan,Passanger Car
Mercedes,Glk-class,4-Door Sedan,Mpv
Mercedes,Ml-class Hybrid,Suv,Mpv
Mercury,Grand Marquis,4-Door Sedan,Passanger Car
Mercury,Mariner,Suv,Mpv
Mercury,Mariner Hev,Suv,Mpv
Mercury,Milan,4-Door Sedan,Passanger Car
Mercury,Milan Hev,4-Door Sedan,Passanger Car
Mitsubishi,Endeavor,Suv,Mpv
Nissan,Altima Hev,4-Door Sedan,Passanger Car
Nissan,Qx56,Suv,Mpv
Porsche,Panamera S,4-Door Sedan,Passanger Car
Porsche,Panamera Turbo,4-Door Sedan,Passanger Car
Ram,1500 Quad,Crew Cab Pickup,Truck
Rolls-royce,Phantom Convertible,Coupe,Passanger Car
Rolls-royce,Phantom Coupe,2-Door Sedan,Passanger Car
Smart,Fortwo,Coupe,Passanger Car
Suzuki,Sx4,Station Wagon,Passanger Car
Toyota,Scion Xd,4-Door Sedan,Passanger Car
Volvo,C30,2-Door Sedan,Passanger Car
Volvo,S40,4-Door Sedan,Passanger Car
Volvo,V50,Station Wagon,Passanger Car
